<XML>
  <Regions>
    <Region>
      <Name>us-east-1</Name>
      <Endpoint>
        <ServiceName>cloudformation</ServiceName>
        <Http>false</Http>
        <Https>true</Https>
        <Hostname>cloudformation.us-east-1.amazonaws.com</Hostname>
      </Endpoint>
      <Endpoint>
        <ServiceName>cloudfront</ServiceName>
        <Http>true</Http>
        <Https>true</Https>
        <Hostname>cloudfront.amazonaws.com</Hostname>
      </Endpoint>
      <Endpoint>
        <ServiceName>cloudsearch</ServiceName>
        <Http>false</Http>
        <Https>true</Https>
        <Hostname>cloudsearch.us-east-1.amazonaws.com</Hostname>
      </Endpoint>
      <Endpoint>
        <ServiceName>cloudtrail</ServiceName>
        <Http>false</Http>
        <Https>true</Https>
        <Hostname>cloudtrail.us-east-1.amazonaws.com</Hostname>
      </Endpoint>
      <Endpoint>
        <ServiceName>monitoring</ServiceName>
        <Http>true</Http>
        <Https>true</Https>
        <Hostname>monitoring.us-east-1.amazonaws.com</Hostname>
      </Endpoint>
      <Endpoint>
        <ServiceName>dynamodb</ServiceName>
        <Http>true</Http>
        <Https>true</Https>
        <Hostname>dynamodb.us-east-1.amazonaws.com</Hostname>
      </Endpoint>
      <Endpoint>
        <ServiceName>ec2</ServiceName>
        <Http>true</Http>
        <Https>true</Https>
        <Hostname>ec2.us-east-1.amazonaws.com</Hostname>
      </Endpoint>
      <Endpoint>
        <ServiceName>elasticmapreduce</ServiceName>
        <Http>true</Http>
        <Https>true</Https>
        <Hostname>elasticmapreduce.us-east-1.amazonaws.com</Hostname>
      </Endpoint>
      <Endpoint>
        <ServiceName>elasticache</ServiceName>
        <Http>false</Http>
        <Https>true</Https>
        <Hostname>elasticache.us-east-1.amazonaws.com</Hostname>
      </Endpoint>
      <Endpoint>
        <ServiceName>rds</ServiceName>
        <Http>false</Http>
        <Https>true</Https>
        <Hostname>rds.us-east-1.amazonaws.com</Hostname>
      </Endpoint>
      <Endpoint>
        <ServiceName>route53</ServiceName>
        <Http>false</Http>
        <Https>true</Https>
        <Hostname>route53.amazonaws.com</Hostname>
      </Endpoint>
      <Endpoint>
        <ServiceName>email</ServiceName>
        <Http>false</Http>
        <Https>true</Https>
        <Hostname>email.us-east-1.amazonaws.com</Hostname>
      </Endpoint>
      <Endpoint>
        <ServiceName>sdb</ServiceName>
        <Http>true</Http>
        <Https>true</Https>
        <Hostname>sdb.amazonaws.com</Hostname>
      </Endpoint>
      <Endpoint>
        <ServiceName>sns</ServiceName>
        <Http>true</Http>
        <Https>true</Https>
        <Hostname>sns.us-east-1.amazonaws.com</Hostname>
      </Endpoint>
      <Endpoint>
        <ServiceName>sqs</ServiceName>
        <Http>true</Http>
        <Https>true</Https>
        <Hostname>sqs.us-east-1.amazonaws.com</Hostname>
      </Endpoint>
      <Endpoint>
        <ServiceName>s3</ServiceName>
        <Http>true</Http>
        <Https>true</Https>
        <Hostname>s3.amazonaws.com</Hostname>
      </Endpoint>
      <Endpoint>
        <ServiceName>autoscaling</ServiceName>
        <Http>true</Http>
        <Https>true</Https>
        <Hostname>autoscaling.us-east-1.amazonaws.com</Hostname>
      </Endpoint>
      <Endpoint>
        <ServiceName>elasticbeanstalk</ServiceName>
        <Http>false</Http>
        <Https>true</Https>
        <Hostname>elasticbeanstalk.us-east-1.amazonaws.com</Hostname>
      </Endpoint>
      <Endpoint>
        <ServiceName>iam</ServiceName>
        <Http>false</Http>
        <Https>true</Https>
        <Hostname>iam.amazonaws.com</Hostname>
      </Endpoint>
      <Endpoint>
        <ServiceName>importexport</ServiceName>
        <Http>false</Http>
        <Https>true</Https>
        <Hostname>importexport.amazonaws.com</Hostname>
      </Endpoint>
      <Endpoint>
        <ServiceName>sts</ServiceName>
        <Http>false</Http>
        <Https>true</Https>
        <Hostname>sts.amazonaws.com</Hostname>
      </Endpoint>
      <Endpoint>
        <ServiceName>storagegateway</ServiceName>
        <Http>false</Http>
        <Https>true</Https>
        <Hostname>storagegateway.us-east-1.amazonaws.com</Hostname>
      </Endpoint>
      <Endpoint>
        <ServiceName>support</ServiceName>
        <Http>false</Http>
        <Https>true</Https>
        <Hostname>support.us-east-1.amazonaws.com</Hostname>
      </Endpoint>
      <Endpoint>
        <ServiceName>elasticloadbalancing</ServiceName>
        <Http>true</Http>
        <Https>true</Https>
        <Hostname>elasticloadbalancing.us-east-1.amazonaws.com</Hostname>
      </Endpoint>
      <Endpoint>
        <ServiceName>swf</ServiceName>
        <Http>false</Http>
        <Https>true</Https>
        <Hostname>swf.us-east-1.amazonaws.com</Hostname>
      </Endpoint>
      <Endpoint>
        <ServiceName>glacier</ServiceName>
        <Http>true</Http>
        <Https>true</Https>
        <Hostname>glacier.us-east-1.amazonaws.com</Hostname>
      </Endpoint>
      <Endpoint>
        <ServiceName>directconnect</ServiceName>
        <Http>false</Http>
        <Https>true</Https>
        <Hostname>directconnect.us-east-1.amazonaws.com</Hostname>
      </Endpoint>
      <Endpoint>
        <ServiceName>datapipeline</ServiceName>
        <Http>false</Http>
        <Https>true</Https>
        <Hostname>datapipeline.us-east-1.amazonaws.com</Hostname>
      </Endpoint>
      <Endpoint>
        <ServiceName>redshift</ServiceName>
        <Http>false</Http>
        <Https>true</Https>
        <Hostname>redshift.us-east-1.amazonaws.com</Hostname>
      </Endpoint>
      <Endpoint>
        <ServiceName>kinesis</ServiceName>
        <Http>false</Http>
        <Https>true</Https>
        <Hostname>kinesis.us-east-1.amazonaws.com</Hostname>
      </Endpoint>
      <Endpoint>
        <ServiceName>opsworks</ServiceName>
        <Http>false</Http>
        <Https>true</Https>
        <Hostname>opsworks.us-east-1.amazonaws.com</Hostname>
      </Endpoint>
      <Endpoint>
        <ServiceName>elastictranscoder</ServiceName>
        <Http>false</Http>
        <Https>true</Https>
        <Hostname>elastictranscoder.us-east-1.amazonaws.com</Hostname>
      </Endpoint>
    </Region>
    <Region>
      <Name>us-west-1</Name>
      <Endpoint>
        <ServiceName>cloudformation</ServiceName>
        <Http>false</Http>
        <Https>true</Https>
        <Hostname>cloudformation.us-west-1.amazonaws.com</Hostname>
      </Endpoint>
      <Endpoint>
        <ServiceName>cloudfront</ServiceName>
        <Http>true</Http>
        <Https>true</Https>
        <Hostname>cloudfront.amazonaws.com</Hostname>
      </Endpoint>
      <Endpoint>
        <ServiceName>cloudsearch</ServiceName>
        <Http>false</Http>
        <Https>true</Https>
        <Hostname>cloudsearch.us-west-1.amazonaws.com</Hostname>
      </Endpoint>
      <Endpoint>
        <ServiceName>monitoring</ServiceName>
        <Http>true</Http>
        <Https>true</Https>
        <Hostname>monitoring.us-west-1.amazonaws.com</Hostname>
      </Endpoint>
      <Endpoint>
        <ServiceName>dynamodb</ServiceName>
        <Http>true</Http>
        <Https>true</Https>
        <Hostname>dynamodb.us-west-1.amazonaws.com</Hostname>
      </Endpoint>
      <Endpoint>
        <ServiceName>ec2</ServiceName>
        <Http>true</Http>
        <Https>true</Https>
        <Hostname>ec2.us-west-1.amazonaws.com</Hostname>
      </Endpoint>
      <Endpoint>
        <ServiceName>elasticmapreduce</ServiceName>
        <Http>true</Http>
        <Https>true</Https>
        <Hostname>elasticmapreduce.us-west-1.amazonaws.com</Hostname>
      </Endpoint>
      <Endpoint>
        <ServiceName>elasticache</ServiceName>
        <Http>false</Http>
        <Https>true</Https>
        <Hostname>elasticache.us-west-1.amazonaws.com</Hostname>
      </Endpoint>
      <Endpoint>
        <ServiceName>rds</ServiceName>
        <Http>false</Http>
        <Https>true</Https>
        <Hostname>rds.us-west-1.amazonaws.com</Hostname>
      </Endpoint>
      <Endpoint>
        <ServiceName>route53</ServiceName>
        <Http>false</Http>
        <Https>true</Https>
        <Hostname>route53.amazonaws.com</Hostname>
      </Endpoint>
      <Endpoint>
        <ServiceName>sdb</ServiceName>
        <Http>true</Http>
        <Https>true</Https>
        <Hostname>sdb.us-west-1.amazonaws.com</Hostname>
      </Endpoint>
      <Endpoint>
        <ServiceName>sns</ServiceName>
        <Http>true</Http>
        <Https>true</Https>
        <Hostname>sns.us-west-1.amazonaws.com</Hostname>
      </Endpoint>
      <Endpoint>
        <ServiceName>sqs</ServiceName>
        <Http>true</Http>
        <Https>true</Https>
        <Hostname>sqs.us-west-1.amazonaws.com</Hostname>
      </Endpoint>
      <Endpoint>
        <ServiceName>s3</ServiceName>
        <Http>true</Http>
        <Https>true</Https>
        <Hostname>s3-us-west-1.amazonaws.com</Hostname>
      </Endpoint>
      <Endpoint>
        <ServiceName>autoscaling</ServiceName>
        <Http>true</Http>
        <Https>true</Https>
        <Hostname>autoscaling.us-west-1.amazonaws.com</Hostname>
      </Endpoint>
      <Endpoint>
        <ServiceName>elasticbeanstalk</ServiceName>
        <Http>false</Http>
        <Https>true</Https>
        <Hostname>elasticbeanstalk.us-west-1.amazonaws.com</Hostname>
      </Endpoint>
      <Endpoint>
        <ServiceName>iam</ServiceName>
        <Http>false</Http>
        <Https>true</Https>
        <Hostname>iam.amazonaws.com</Hostname>
      </Endpoint>
      <Endpoint>
        <ServiceName>importexport</ServiceName>
        <Http>false</Http>
        <Https>true</Https>
        <Hostname>importexport.amazonaws.com</Hostname>
      </Endpoint>
      <Endpoint>
        <ServiceName>sts</ServiceName>
        <Http>false</Http>
        <Https>true</Https>
        <Hostname>sts.amazonaws.com</Hostname>
      </Endpoint>
      <Endpoint>
        <ServiceName>storagegateway</ServiceName>
        <Http>false</Http>
        <Https>true</Https>
        <Hostname>storagegateway.us-west-1.amazonaws.com</Hostname>
      </Endpoint>
      <Endpoint>
        <ServiceName>elasticloadbalancing</ServiceName>
        <Http>true</Http>
        <Https>true</Https>
        <Hostname>elasticloadbalancing.us-west-1.amazonaws.com</Hostname>
      </Endpoint>
      <Endpoint>
        <ServiceName>swf</ServiceName>
        <Http>false</Http>
        <Https>true</Https>
        <Hostname>swf.us-west-1.amazonaws.com</Hostname>
      </Endpoint>
      <Endpoint>
        <ServiceName>glacier</ServiceName>
        <Http>true</Http>
        <Https>true</Https>
        <Hostname>glacier.us-west-1.amazonaws.com</Hostname>
      </Endpoint>
      <Endpoint>
        <ServiceName>directconnect</ServiceName>
        <Http>false</Http>
        <Https>true</Https>
        <Hostname>directconnect.us-west-1.amazonaws.com</Hostname>
      </Endpoint>
      <Endpoint>
        <ServiceName>elastictranscoder</ServiceName>
        <Http>false</Http>
        <Https>true</Https>
        <Hostname>elastictranscoder.us-west-1.amazonaws.com</Hostname>
      </Endpoint>
    </Region>
    <Region>
      <Name>us-west-2</Name>
      <Endpoint>
        <ServiceName>cloudformation</ServiceName>
        <Http>false</Http>
        <Https>true</Https>
        <Hostname>cloudformation.us-west-2.amazonaws.com</Hostname>
      </Endpoint>
      <Endpoint>
        <ServiceName>cloudfront</ServiceName>
        <Http>true</Http>
        <Https>true</Https>
        <Hostname>cloudfront.amazonaws.com</Hostname>
      </Endpoint>
      <Endpoint>
        <ServiceName>cloudsearch</ServiceName>
        <Http>false</Http>
        <Https>true</Https>
        <Hostname>cloudsearch.us-west-2.amazonaws.com</Hostname>
      </Endpoint>
      <Endpoint>
        <ServiceName>cloudtrail</ServiceName>
        <Http>false</Http>
        <Https>true</Https>
        <Hostname>cloudtrail.us-west-2.amazonaws.com</Hostname>
      </Endpoint>
      <Endpoint>
        <ServiceName>monitoring</ServiceName>
        <Http>true</Http>
        <Https>true</Https>
        <Hostname>monitoring.us-west-2.amazonaws.com</Hostname>
      </Endpoint>
      <Endpoint>
        <ServiceName>dynamodb</ServiceName>
        <Http>true</Http>
        <Https>true</Https>
        <Hostname>dynamodb.us-west-2.amazonaws.com</Hostname>
      </Endpoint>
      <Endpoint>
        <ServiceName>ec2</ServiceName>
        <Http>true</Http>
        <Https>true</Https>
        <Hostname>ec2.us-west-2.amazonaws.com</Hostname>
      </Endpoint>
      <Endpoint>
        <ServiceName>elasticmapreduce</ServiceName>
        <Http>true</Http>
        <Https>true</Https>
        <Hostname>elasticmapreduce.us-west-2.amazonaws.com</Hostname>
      </Endpoint>
      <Endpoint>
        <ServiceName>elasticache</ServiceName>
        <Http>false</Http>
        <Https>true</Https>
        <Hostname>elasticache.us-west-2.amazonaws.com</Hostname>
      </Endpoint>
      <Endpoint>
        <ServiceName>rds</ServiceName>
        <Http>false</Http>
        <Https>true</Https>
        <Hostname>rds.us-west-2.amazonaws.com</Hostname>
      </Endpoint>
      <Endpoint>
        <ServiceName>route53</ServiceName>
        <Http>false</Http>
        <Https>true</Https>
        <Hostname>route53.amazonaws.com</Hostname>
      </Endpoint>
      <Endpoint>
        <ServiceName>email</ServiceName>
        <Http>false</Http>
        <Https>true</Https>
        <Hostname>email.us-west-2.amazonaws.com</Hostname>
      </Endpoint>
      <Endpoint>
        <ServiceName>sdb</ServiceName>
        <Http>true</Http>
        <Https>true</Https>
        <Hostname>sdb.us-west-2.amazonaws.com</Hostname>
      </Endpoint>
      <Endpoint>
        <ServiceName>sns</ServiceName>
        <Http>true</Http>
        <Https>true</Https>
        <Hostname>sns.us-west-2.amazonaws.com</Hostname>
      </Endpoint>
      <Endpoint>
        <ServiceName>sqs</ServiceName>
        <Http>true</Http>
        <Https>true</Https>
        <Hostname>sqs.us-west-2.amazonaws.com</Hostname>
      </Endpoint>
      <Endpoint>
        <ServiceName>s3</ServiceName>
        <Http>true</Http>
        <Https>true</Https>
        <Hostname>s3-us-west-2.amazonaws.com</Hostname>
      </Endpoint>
      <Endpoint>
        <ServiceName>autoscaling</ServiceName>
        <Http>true</Http>
        <Https>true</Https>
        <Hostname>autoscaling.us-west-2.amazonaws.com</Hostname>
      </Endpoint>
      <Endpoint>
        <ServiceName>elasticbeanstalk</ServiceName>
        <Http>false</Http>
        <Https>true</Https>
        <Hostname>elasticbeanstalk.us-west-2.amazonaws.com</Hostname>
      </Endpoint>
      <Endpoint>
        <ServiceName>iam</ServiceName>
        <Http>false</Http>
        <Https>true</Https>
        <Hostname>iam.amazonaws.com</Hostname>
      </Endpoint>
      <Endpoint>
        <ServiceName>importexport</ServiceName>
        <Http>false</Http>
        <Https>true</Https>
        <Hostname>importexport.amazonaws.com</Hostname>
      </Endpoint>
      <Endpoint>
        <ServiceName>sts</ServiceName>
        <Http>false</Http>
        <Https>true</Https>
        <Hostname>sts.amazonaws.com</Hostname>
      </Endpoint>
      <Endpoint>
        <ServiceName>storagegateway</ServiceName>
        <Http>false</Http>
        <Https>true</Https>
        <Hostname>storagegateway.us-west-2.amazonaws.com</Hostname>
      </Endpoint>
      <Endpoint>
        <ServiceName>elasticloadbalancing</ServiceName>
        <Http>true</Http>
        <Https>true</Https>
        <Hostname>elasticloadbalancing.us-west-2.amazonaws.com</Hostname>
      </Endpoint>
      <Endpoint>
        <ServiceName>swf</ServiceName>
        <Http>false</Http>
        <Https>true</Https>
        <Hostname>swf.us-west-2.amazonaws.com</Hostname>
      </Endpoint>
      <Endpoint>
        <ServiceName>glacier</ServiceName>
        <Http>true</Http>
        <Https>true</Https>
        <Hostname>glacier.us-west-2.amazonaws.com</Hostname>
      </Endpoint>
      <Endpoint>
        <ServiceName>directconnect</ServiceName>
        <Http>false</Http>
        <Https>true</Https>
        <Hostname>directconnect.us-west-2.amazonaws.com</Hostname>
      </Endpoint>
      <Endpoint>
        <ServiceName>datapipeline</ServiceName>
        <Http>false</Http>
        <Https>true</Https>
        <Hostname>datapipeline.us-west-2.amazonaws.com</Hostname>
      </Endpoint>
      <Endpoint>
        <ServiceName>redshift</ServiceName>
        <Http>false</Http>
        <Https>true</Https>
        <Hostname>redshift.us-west-2.amazonaws.com</Hostname>
      </Endpoint>
      <Endpoint>
        <ServiceName>elastictranscoder</ServiceName>
        <Http>false</Http>
        <Https>true</Https>
        <Hostname>elastictranscoder.us-west-2.amazonaws.com</Hostname>
      </Endpoint>
    </Region>
    <Region>
      <Name>ap-northeast-1</Name>
      <Endpoint>
        <ServiceName>cloudformation</ServiceName>
        <Http>false</Http>
        <Https>true</Https>
        <Hostname>cloudformation.ap-northeast-1.amazonaws.com</Hostname>
      </Endpoint>
      <Endpoint>
        <ServiceName>cloudfront</ServiceName>
        <Http>true</Http>
        <Https>true</Https>
        <Hostname>cloudfront.amazonaws.com</Hostname>
      </Endpoint>
      <Endpoint>
        <ServiceName>cloudsearch</ServiceName>
        <Http>false</Http>
        <Https>true</Https>
        <Hostname>cloudsearch.ap-northeast-1.amazonaws.com</Hostname>
      </Endpoint>
      <Endpoint>
        <ServiceName>monitoring</ServiceName>
        <Http>true</Http>
        <Https>true</Https>
        <Hostname>monitoring.ap-northeast-1.amazonaws.com</Hostname>
      </Endpoint>
      <Endpoint>
        <ServiceName>dynamodb</ServiceName>
        <Http>true</Http>
        <Https>true</Https>
        <Hostname>dynamodb.ap-northeast-1.amazonaws.com</Hostname>
      </Endpoint>
      <Endpoint>
        <ServiceName>ec2</ServiceName>
        <Http>true</Http>
        <Https>true</Https>
        <Hostname>ec2.ap-northeast-1.amazonaws.com</Hostname>
      </Endpoint>
      <Endpoint>
        <ServiceName>elasticmapreduce</ServiceName>
        <Http>true</Http>
        <Https>true</Https>
        <Hostname>elasticmapreduce.ap-northeast-1.amazonaws.com</Hostname>
      </Endpoint>
      <Endpoint>
        <ServiceName>elasticache</ServiceName>
        <Http>false</Http>
        <Https>true</Https>
        <Hostname>elasticache.ap-northeast-1.amazonaws.com</Hostname>
      </Endpoint>
      <Endpoint>
        <ServiceName>rds</ServiceName>
        <Http>false</Http>
        <Https>true</Https>
        <Hostname>rds.ap-northeast-1.amazonaws.com</Hostname>
      </Endpoint>
      <Endpoint>
        <ServiceName>route53</ServiceName>
        <Http>false</Http>
        <Https>true</Https>
        <Hostname>route53.amazonaws.com</Hostname>
      </Endpoint>
      <Endpoint>
        <ServiceName>sdb</ServiceName>
        <Http>true</Http>
        <Https>true</Https>
        <Hostname>sdb.ap-northeast-1.amazonaws.com</Hostname>
      </Endpoint>
      <Endpoint>
        <ServiceName>sns</ServiceName>
        <Http>true</Http>
        <Https>true</Https>
        <Hostname>sns.ap-northeast-1.amazonaws.com</Hostname>
      </Endpoint>
      <Endpoint>
        <ServiceName>sqs</ServiceName>
        <Http>true</Http>
        <Https>true</Https>
        <Hostname>sqs.ap-northeast-1.amazonaws.com</Hostname>
      </Endpoint>
      <Endpoint>
        <ServiceName>s3</ServiceName>
        <Http>true</Http>
        <Https>true</Https>
        <Hostname>s3-ap-northeast-1.amazonaws.com</Hostname>
      </Endpoint>
      <Endpoint>
        <ServiceName>autoscaling</ServiceName>
        <Http>true</Http>
        <Https>true</Https>
        <Hostname>autoscaling.ap-northeast-1.amazonaws.com</Hostname>
      </Endpoint>
      <Endpoint>
        <ServiceName>elasticbeanstalk</ServiceName>
        <Http>false</Http>
        <Https>true</Https>
        <Hostname>elasticbeanstalk.ap-northeast-1.amazonaws.com</Hostname>
      </Endpoint>
      <Endpoint>
        <ServiceName>iam</ServiceName>
        <Http>false</Http>
        <Https>true</Https>
        <Hostname>iam.amazonaws.com</Hostname>
      </Endpoint>
      <Endpoint>
        <ServiceName>importexport</ServiceName>
        <Http>false</Http>
        <Https>true</Https>
        <Hostname>importexport.amazonaws.com</Hostname>
      </Endpoint>
      <Endpoint>
        <ServiceName>sts</ServiceName>
        <Http>false</Http>
        <Https>true</Https>
        <Hostname>sts.amazonaws.com</Hostname>
      </Endpoint>
      <Endpoint>
        <ServiceName>storagegateway</ServiceName>
        <Http>false</Http>
        <Https>true</Https>
        <Hostname>storagegateway.ap-northeast-1.amazonaws.com</Hostname>
      </Endpoint>
      <Endpoint>
        <ServiceName>elasticloadbalancing</ServiceName>
        <Http>true</Http>
        <Https>true</Https>
        <Hostname>elasticloadbalancing.ap-northeast-1.amazonaws.com</Hostname>
      </Endpoint>
      <Endpoint>
        <ServiceName>swf</ServiceName>
        <Http>false</Http>
        <Https>true</Https>
        <Hostname>swf.ap-northeast-1.amazonaws.com</Hostname>
      </Endpoint>
      <Endpoint>
        <ServiceName>glacier</ServiceName>
        <Http>true</Http>
        <Https>true</Https>
        <Hostname>glacier.ap-northeast-1.amazonaws.com</Hostname>
      </Endpoint>
      <Endpoint>
        <ServiceName>directconnect</ServiceName>
        <Http>false</Http>
        <Https>true</Https>
        <Hostname>directconnect.ap-northeast-1.amazonaws.com</Hostname>
      </Endpoint>
      <Endpoint>
        <ServiceName>datapipeline</ServiceName>
        <Http>false</Http>
        <Https>true</Https>
        <Hostname>datapipeline.ap-northeast-1.amazonaws.com</Hostname>
      </Endpoint>
      <Endpoint>
        <ServiceName>redshift</ServiceName>
        <Http>false</Http>
        <Https>true</Https>
        <Hostname>redshift.ap-northeast-1.amazonaws.com</Hostname>
      </Endpoint>
      <Endpoint>
        <ServiceName>elastictranscoder</ServiceName>
        <Http>false</Http>
        <Https>true</Https>
        <Hostname>elastictranscoder.ap-northeast-1.amazonaws.com</Hostname>
      </Endpoint>
    </Region>
    <Region>
      <Name>ap-southeast-1</Name>
      <Endpoint>
        <ServiceName>cloudformation</ServiceName>
        <Http>false</Http>
        <Https>true</Https>
        <Hostname>cloudformation.ap-southeast-1.amazonaws.com</Hostname>
      </Endpoint>
      <Endpoint>
        <ServiceName>cloudfront</ServiceName>
        <Http>true</Http>
        <Https>true</Https>
        <Hostname>cloudfront.amazonaws.com</Hostname>
      </Endpoint>
      <Endpoint>
        <ServiceName>cloudsearch</ServiceName>
        <Http>false</Http>
        <Https>true</Https>
        <Hostname>cloudsearch.ap-southeast-1.amazonaws.com</Hostname>
      </Endpoint>
      <Endpoint>
        <ServiceName>monitoring</ServiceName>
        <Http>true</Http>
        <Https>true</Https>
        <Hostname>monitoring.ap-southeast-1.amazonaws.com</Hostname>
      </Endpoint>
      <Endpoint>
        <ServiceName>dynamodb</ServiceName>
        <Http>true</Http>
        <Https>true</Https>
        <Hostname>dynamodb.ap-southeast-1.amazonaws.com</Hostname>
      </Endpoint>
      <Endpoint>
        <ServiceName>ec2</ServiceName>
        <Http>true</Http>
        <Https>true</Https>
        <Hostname>ec2.ap-southeast-1.amazonaws.com</Hostname>
      </Endpoint>
      <Endpoint>
        <ServiceName>elasticmapreduce</ServiceName>
        <Http>true</Http>
        <Https>true</Https>
        <Hostname>elasticmapreduce.ap-southeast-1.amazonaws.com</Hostname>
      </Endpoint>
      <Endpoint>
        <ServiceName>elasticache</ServiceName>
        <Http>false</Http>
        <Https>true</Https>
        <Hostname>elasticache.ap-southeast-1.amazonaws.com</Hostname>
      </Endpoint>
      <Endpoint>
        <ServiceName>rds</ServiceName>
        <Http>false</Http>
        <Https>true</Https>
        <Hostname>rds.ap-southeast-1.amazonaws.com</Hostname>
      </Endpoint>
      <Endpoint>
        <ServiceName>route53</ServiceName>
        <Http>false</Http>
        <Https>true</Https>
        <Hostname>route53.amazonaws.com</Hostname>
      </Endpoint>
      <Endpoint>
        <ServiceName>sdb</ServiceName>
        <Http>true</Http>
        <Https>true</Https>
        <Hostname>sdb.ap-southeast-1.amazonaws.com</Hostname>
      </Endpoint>
      <Endpoint>
        <ServiceName>sns</ServiceName>
        <Http>true</Http>
        <Https>true</Https>
        <Hostname>sns.ap-southeast-1.amazonaws.com</Hostname>
      </Endpoint>
      <Endpoint>
        <ServiceName>sqs</ServiceName>
        <Http>true</Http>
        <Https>true</Https>
        <Hostname>sqs.ap-southeast-1.amazonaws.com</Hostname>
      </Endpoint>
      <Endpoint>
        <ServiceName>s3</ServiceName>
        <Http>true</Http>
        <Https>true</Https>
        <Hostname>s3-ap-southeast-1.amazonaws.com</Hostname>
      </Endpoint>
      <Endpoint>
        <ServiceName>autoscaling</ServiceName>
        <Http>true</Http>
        <Https>true</Https>
        <Hostname>autoscaling.ap-southeast-1.amazonaws.com</Hostname>
      </Endpoint>
      <Endpoint>
        <ServiceName>elasticbeanstalk</ServiceName>
        <Http>false</Http>
        <Https>true</Https>
        <Hostname>elasticbeanstalk.ap-southeast-1.amazonaws.com</Hostname>
      </Endpoint>
      <Endpoint>
        <ServiceName>iam</ServiceName>
        <Http>false</Http>
        <Https>true</Https>
        <Hostname>iam.amazonaws.com</Hostname>
      </Endpoint>
      <Endpoint>
        <ServiceName>importexport</ServiceName>
        <Http>false</Http>
        <Https>true</Https>
        <Hostname>importexport.amazonaws.com</Hostname>
      </Endpoint>
      <Endpoint>
        <ServiceName>sts</ServiceName>
        <Http>false</Http>
        <Https>true</Https>
        <Hostname>sts.amazonaws.com</Hostname>
      </Endpoint>
      <Endpoint>
        <ServiceName>storagegateway</ServiceName>
        <Http>false</Http>
        <Https>true</Https>
        <Hostname>storagegateway.ap-southeast-1.amazonaws.com</Hostname>
      </Endpoint>
      <Endpoint>
        <ServiceName>elasticloadbalancing</ServiceName>
        <Http>true</Http>
        <Https>true</Https>
        <Hostname>elasticloadbalancing.ap-southeast-1.amazonaws.com</Hostname>
      </Endpoint>
      <Endpoint>
        <ServiceName>swf</ServiceName>
        <Http>false</Http>
        <Https>true</Https>
        <Hostname>swf.ap-southeast-1.amazonaws.com</Hostname>
      </Endpoint>
      <Endpoint>
        <ServiceName>directconnect</ServiceName>
        <Http>false</Http>
        <Https>true</Https>
        <Hostname>directconnect.ap-southeast-1.amazonaws.com</Hostname>
      </Endpoint>
      <Endpoint>
        <ServiceName>redshift</ServiceName>
        <Http>false</Http>
        <Https>true</Https>
        <Hostname>redshift.ap-southeast-1.amazonaws.com</Hostname>
      </Endpoint>
      <Endpoint>
        <ServiceName>elastictranscoder</ServiceName>
        <Http>false</Http>
        <Https>true</Https>
        <Hostname>elastictranscoder.ap-southeast-1.amazonaws.com</Hostname>
      </Endpoint>
    </Region>
    <Region>
      <Name>ap-southeast-2</Name>
      <Endpoint>
        <ServiceName>cloudformation</ServiceName>
        <Http>false</Http>
        <Https>true</Https>
        <Hostname>cloudformation.ap-southeast-2.amazonaws.com</Hostname>
      </Endpoint>
      <Endpoint>
        <ServiceName>cloudfront</ServiceName>
        <Http>true</Http>
        <Https>true</Https>
        <Hostname>cloudfront.amazonaws.com</Hostname>
      </Endpoint>
      <Endpoint>
        <ServiceName>cloudsearch</ServiceName>
        <Http>false</Http>
        <Https>true</Https>
        <Hostname>cloudsearch.ap-southeast-2.amazonaws.com</Hostname>
      </Endpoint>
      <Endpoint>
        <ServiceName>monitoring</ServiceName>
        <Http>true</Http>
        <Https>true</Https>
        <Hostname>monitoring.ap-southeast-2.amazonaws.com</Hostname>
      </Endpoint>
      <Endpoint>
        <ServiceName>dynamodb</ServiceName>
        <Http>true</Http>
        <Https>true</Https>
        <Hostname>dynamodb.ap-southeast-2.amazonaws.com</Hostname>
      </Endpoint>
      <Endpoint>
        <ServiceName>ec2</ServiceName>
        <Http>true</Http>
        <Https>true</Https>
        <Hostname>ec2.ap-southeast-2.amazonaws.com</Hostname>
      </Endpoint>
      <Endpoint>
        <ServiceName>elasticmapreduce</ServiceName>
        <Http>true</Http>
        <Https>true</Https>
        <Hostname>elasticmapreduce.ap-southeast-2.amazonaws.com</Hostname>
      </Endpoint>
      <Endpoint>
        <ServiceName>elasticache</ServiceName>
        <Http>false</Http>
        <Https>true</Https>
        <Hostname>elasticache.ap-southeast-2.amazonaws.com</Hostname>
      </Endpoint>
      <Endpoint>
        <ServiceName>rds</ServiceName>
        <Http>false</Http>
        <Https>true</Https>
        <Hostname>rds.ap-southeast-2.amazonaws.com</Hostname>
      </Endpoint>
      <Endpoint>
        <ServiceName>route53</ServiceName>
        <Http>false</Http>
        <Https>true</Https>
        <Hostname>route53.amazonaws.com</Hostname>
      </Endpoint>
      <Endpoint>
        <ServiceName>sdb</ServiceName>
        <Http>true</Http>
        <Https>true</Https>
        <Hostname>sdb.ap-southeast-2.amazonaws.com</Hostname>
      </Endpoint>
      <Endpoint>
        <ServiceName>sns</ServiceName>
        <Http>true</Http>
        <Https>true</Https>
        <Hostname>sns.ap-southeast-2.amazonaws.com</Hostname>
      </Endpoint>
      <Endpoint>
        <ServiceName>sqs</ServiceName>
        <Http>true</Http>
        <Https>true</Https>
        <Hostname>sqs.ap-southeast-2.amazonaws.com</Hostname>
      </Endpoint>
      <Endpoint>
        <ServiceName>s3</ServiceName>
        <Http>true</Http>
        <Https>true</Https>
        <Hostname>s3-ap-southeast-2.amazonaws.com</Hostname>
      </Endpoint>
      <Endpoint>
        <ServiceName>autoscaling</ServiceName>
        <Http>true</Http>
        <Https>true</Https>
        <Hostname>autoscaling.ap-southeast-2.amazonaws.com</Hostname>
      </Endpoint>
      <Endpoint>
        <ServiceName>elasticbeanstalk</ServiceName>
        <Http>false</Http>
        <Https>true</Https>
        <Hostname>elasticbeanstalk.ap-southeast-2.amazonaws.com</Hostname>
      </Endpoint>
      <Endpoint>
        <ServiceName>iam</ServiceName>
        <Http>false</Http>
        <Https>true</Https>
        <Hostname>iam.amazonaws.com</Hostname>
      </Endpoint>
      <Endpoint>
        <ServiceName>importexport</ServiceName>
        <Http>false</Http>
        <Https>true</Https>
        <Hostname>importexport.amazonaws.com</Hostname>
      </Endpoint>
      <Endpoint>
        <ServiceName>sts</ServiceName>
        <Http>false</Http>
        <Https>true</Https>
        <Hostname>sts.amazonaws.com</Hostname>
      </Endpoint>
      <Endpoint>
        <ServiceName>storagegateway</ServiceName>
        <Http>false</Http>
        <Https>true</Https>
        <Hostname>storagegateway.ap-southeast-2.amazonaws.com</Hostname>
      </Endpoint>
      <Endpoint>
        <ServiceName>elasticloadbalancing</ServiceName>
        <Http>true</Http>
        <Https>true</Https>
        <Hostname>elasticloadbalancing.ap-southeast-2.amazonaws.com</Hostname>
      </Endpoint>
      <Endpoint>
        <ServiceName>swf</ServiceName>
        <Http>false</Http>
        <Https>true</Https>
        <Hostname>swf.ap-southeast-2.amazonaws.com</Hostname>
      </Endpoint>
      <Endpoint>
        <ServiceName>glacier</ServiceName>
        <Http>true</Http>
        <Https>true</Https>
        <Hostname>glacier.ap-southeast-2.amazonaws.com</Hostname>
      </Endpoint>
      <Endpoint>
        <ServiceName>directconnect</ServiceName>
        <Http>false</Http>
        <Https>true</Https>
        <Hostname>directconnect.ap-southeast-2.amazonaws.com</Hostname>
      </Endpoint>
      <Endpoint>
        <ServiceName>datapipeline</ServiceName>
        <Http>false</Http>
        <Https>true</Https>
        <Hostname>datapipeline.ap-southeast-2.amazonaws.com</Hostname>
      </Endpoint>
      <Endpoint>
        <ServiceName>redshift</ServiceName>
        <Http>false</Http>
        <Https>true</Https>
        <Hostname>redshift.ap-southeast-2.amazonaws.com</Hostname>
      </Endpoint>
    </Region>
    <Region>
      <Name>sa-east-1</Name>
      <Endpoint>
        <ServiceName>cloudformation</ServiceName>
        <Http>false</Http>
        <Https>true</Https>
        <Hostname>cloudformation.sa-east-1.amazonaws.com</Hostname>
      </Endpoint>
      <Endpoint>
        <ServiceName>cloudfront</ServiceName>
        <Http>true</Http>
        <Https>true</Https>
        <Hostname>cloudfront.amazonaws.com</Hostname>
      </Endpoint>
      <Endpoint>
        <ServiceName>cloudsearch</ServiceName>
        <Http>false</Http>
        <Https>true</Https>
        <Hostname>cloudsearch.sa-east-1.amazonaws.com</Hostname>
      </Endpoint>
      <Endpoint>
        <ServiceName>monitoring</ServiceName>
        <Http>true</Http>
        <Https>true</Https>
        <Hostname>monitoring.sa-east-1.amazonaws.com</Hostname>
      </Endpoint>
      <Endpoint>
        <ServiceName>dynamodb</ServiceName>
        <Http>true</Http>
        <Https>true</Https>
        <Hostname>dynamodb.sa-east-1.amazonaws.com</Hostname>
      </Endpoint>
      <Endpoint>
        <ServiceName>ec2</ServiceName>
        <Http>true</Http>
        <Https>true</Https>
        <Hostname>ec2.sa-east-1.amazonaws.com</Hostname>
      </Endpoint>
      <Endpoint>
        <ServiceName>elasticmapreduce</ServiceName>
        <Http>true</Http>
        <Https>true</Https>
        <Hostname>elasticmapreduce.sa-east-1.amazonaws.com</Hostname>
      </Endpoint>
      <Endpoint>
        <ServiceName>elasticache</ServiceName>
        <Http>false</Http>
        <Https>true</Https>
        <Hostname>elasticache.sa-east-1.amazonaws.com</Hostname>
      </Endpoint>
      <Endpoint>
        <ServiceName>rds</ServiceName>
        <Http>false</Http>
        <Https>true</Https>
        <Hostname>rds.sa-east-1.amazonaws.com</Hostname>
      </Endpoint>
      <Endpoint>
        <ServiceName>route53</ServiceName>
        <Http>false</Http>
        <Https>true</Https>
        <Hostname>route53.amazonaws.com</Hostname>
      </Endpoint>
      <Endpoint>
        <ServiceName>sdb</ServiceName>
        <Http>true</Http>
        <Https>true</Https>
        <Hostname>sdb.sa-east-1.amazonaws.com</Hostname>
      </Endpoint>
      <Endpoint>
        <ServiceName>sns</ServiceName>
        <Http>true</Http>
        <Https>true</Https>
        <Hostname>sns.sa-east-1.amazonaws.com</Hostname>
      </Endpoint>
      <Endpoint>
        <ServiceName>sqs</ServiceName>
        <Http>true</Http>
        <Https>true</Https>
        <Hostname>sqs.sa-east-1.amazonaws.com</Hostname>
      </Endpoint>
      <Endpoint>
        <ServiceName>s3</ServiceName>
        <Http>true</Http>
        <Https>true</Https>
        <Hostname>s3-sa-east-1.amazonaws.com</Hostname>
      </Endpoint>
      <Endpoint>
        <ServiceName>autoscaling</ServiceName>
        <Http>true</Http>
        <Https>true</Https>
        <Hostname>autoscaling.sa-east-1.amazonaws.com</Hostname>
      </Endpoint>
      <Endpoint>
        <ServiceName>elasticbeanstalk</ServiceName>
        <Http>false</Http>
        <Https>true</Https>
        <Hostname>elasticbeanstalk.sa-east-1.amazonaws.com</Hostname>
      </Endpoint>
      <Endpoint>
        <ServiceName>iam</ServiceName>
        <Http>false</Http>
        <Https>true</Https>
        <Hostname>iam.amazonaws.com</Hostname>
      </Endpoint>
      <Endpoint>
        <ServiceName>importexport</ServiceName>
        <Http>false</Http>
        <Https>true</Https>
        <Hostname>importexport.amazonaws.com</Hostname>
      </Endpoint>
      <Endpoint>
        <ServiceName>sts</ServiceName>
        <Http>false</Http>
        <Https>true</Https>
        <Hostname>sts.amazonaws.com</Hostname>
      </Endpoint>
      <Endpoint>
        <ServiceName>storagegateway</ServiceName>
        <Http>false</Http>
        <Https>true</Https>
        <Hostname>storagegateway.sa-east-1.amazonaws.com</Hostname>
      </Endpoint>
      <Endpoint>
        <ServiceName>elasticloadbalancing</ServiceName>
        <Http>true</Http>
        <Https>true</Https>
        <Hostname>elasticloadbalancing.sa-east-1.amazonaws.com</Hostname>
      </Endpoint>
      <Endpoint>
        <ServiceName>swf</ServiceName>
        <Http>false</Http>
        <Https>true</Https>
        <Hostname>swf.sa-east-1.amazonaws.com</Hostname>
      </Endpoint>
      <Endpoint>
        <ServiceName>directconnect</ServiceName>
        <Http>false</Http>
        <Https>true</Https>
        <Hostname>directconnect.sa-east-1.amazonaws.com</Hostname>
      </Endpoint>
    </Region>
    <Region>
      <Name>eu-west-1</Name>
      <Endpoint>
        <ServiceName>cloudformation</ServiceName>
        <Http>false</Http>
        <Https>true</Https>
        <Hostname>cloudformation.eu-west-1.amazonaws.com</Hostname>
      </Endpoint>
      <Endpoint>
        <ServiceName>cloudfront</ServiceName>
        <Http>true</Http>
        <Https>true</Https>
        <Hostname>cloudfront.amazonaws.com</Hostname>
      </Endpoint>
      <Endpoint>
        <ServiceName>cloudsearch</ServiceName>
        <Http>false</Http>
        <Https>true</Https>
        <Hostname>cloudsearch.eu-west-1.amazonaws.com</Hostname>
      </Endpoint>
      <Endpoint>
        <ServiceName>monitoring</ServiceName>
        <Http>true</Http>
        <Https>true</Https>
        <Hostname>monitoring.eu-west-1.amazonaws.com</Hostname>
      </Endpoint>
      <Endpoint>
        <ServiceName>dynamodb</ServiceName>
        <Http>true</Http>
        <Https>true</Https>
        <Hostname>dynamodb.eu-west-1.amazonaws.com</Hostname>
      </Endpoint>
      <Endpoint>
        <ServiceName>ec2</ServiceName>
        <Http>true</Http>
        <Https>true</Https>
        <Hostname>ec2.eu-west-1.amazonaws.com</Hostname>
      </Endpoint>
      <Endpoint>
        <ServiceName>elasticmapreduce</ServiceName>
        <Http>true</Http>
        <Https>true</Https>
        <Hostname>elasticmapreduce.eu-west-1.amazonaws.com</Hostname>
      </Endpoint>
      <Endpoint>
        <ServiceName>elasticache</ServiceName>
        <Http>false</Http>
        <Https>true</Https>
        <Hostname>elasticache.eu-west-1.amazonaws.com</Hostname>
      </Endpoint>
      <Endpoint>
        <ServiceName>rds</ServiceName>
        <Http>false</Http>
        <Https>true</Https>
        <Hostname>rds.eu-west-1.amazonaws.com</Hostname>
      </Endpoint>
      <Endpoint>
        <ServiceName>route53</ServiceName>
        <Http>false</Http>
        <Https>true</Https>
        <Hostname>route53.amazonaws.com</Hostname>
      </Endpoint>
      <Endpoint>
        <ServiceName>email</ServiceName>
        <Http>false</Http>
        <Https>true</Https>
        <Hostname>email.eu-west-1.amazonaws.com</Hostname>
      </Endpoint>
      <Endpoint>
        <ServiceName>sdb</ServiceName>
        <Http>true</Http>
        <Https>true</Https>
        <Hostname>sdb.eu-west-1.amazonaws.com</Hostname>
      </Endpoint>
      <Endpoint>
        <ServiceName>sns</ServiceName>
        <Http>true</Http>
        <Https>true</Https>
        <Hostname>sns.eu-west-1.amazonaws.com</Hostname>
      </Endpoint>
      <Endpoint>
        <ServiceName>sqs</ServiceName>
        <Http>true</Http>
        <Https>true</Https>
        <Hostname>sqs.eu-west-1.amazonaws.com</Hostname>
      </Endpoint>
      <Endpoint>
        <ServiceName>s3</ServiceName>
        <Http>true</Http>
        <Https>true</Https>
        <Hostname>s3-eu-west-1.amazonaws.com</Hostname>
      </Endpoint>
      <Endpoint>
        <ServiceName>autoscaling</ServiceName>
        <Http>true</Http>
        <Https>true</Https>
        <Hostname>autoscaling.eu-west-1.amazonaws.com</Hostname>
      </Endpoint>
      <Endpoint>
        <ServiceName>elasticbeanstalk</ServiceName>
        <Http>false</Http>
        <Https>true</Https>
        <Hostname>elasticbeanstalk.eu-west-1.amazonaws.com</Hostname>
      </Endpoint>
      <Endpoint>
        <ServiceName>iam</ServiceName>
        <Http>false</Http>
        <Https>true</Https>
        <Hostname>iam.amazonaws.com</Hostname>
      </Endpoint>
      <Endpoint>
        <ServiceName>importexport</ServiceName>
        <Http>false</Http>
        <Https>true</Https>
        <Hostname>importexport.amazonaws.com</Hostname>
      </Endpoint>
      <Endpoint>
        <ServiceName>sts</ServiceName>
        <Http>false</Http>
        <Https>true</Https>
        <Hostname>sts.amazonaws.com</Hostname>
      </Endpoint>
      <Endpoint>
        <ServiceName>storagegateway</ServiceName>
        <Http>false</Http>
        <Https>true</Https>
        <Hostname>storagegateway.eu-west-1.amazonaws.com</Hostname>
      </Endpoint>
      <Endpoint>
        <ServiceName>elasticloadbalancing</ServiceName>
        <Http>true</Http>
        <Https>true</Https>
        <Hostname>elasticloadbalancing.eu-west-1.amazonaws.com</Hostname>
      </Endpoint>
      <Endpoint>
        <ServiceName>swf</ServiceName>
        <Http>false</Http>
        <Https>true</Https>
        <Hostname>swf.eu-west-1.amazonaws.com</Hostname>
      </Endpoint>
      <Endpoint>
        <ServiceName>glacier</ServiceName>
        <Http>true</Http>
        <Https>true</Https>
        <Hostname>glacier.eu-west-1.amazonaws.com</Hostname>
      </Endpoint>
      <Endpoint>
        <ServiceName>directconnect</ServiceName>
        <Http>false</Http>
        <Https>true</Https>
        <Hostname>directconnect.eu-west-1.amazonaws.com</Hostname>
      </Endpoint>
      <Endpoint>
        <ServiceName>datapipeline</ServiceName>
        <Http>false</Http>
        <Https>true</Https>
        <Hostname>datapipeline.eu-west-1.amazonaws.com</Hostname>
      </Endpoint>
      <Endpoint>
        <ServiceName>redshift</ServiceName>
        <Http>false</Http>
        <Https>true</Https>
        <Hostname>redshifttest.eu-west-1.amazonaws.com</Hostname>
      </Endpoint>
      <Endpoint>
        <ServiceName>elastictranscoder</ServiceName>
        <Http>false</Http>
        <Https>true</Https>
        <Hostname>elastictranscoder.eu-west-1.amazonaws.com</Hostname>
      </Endpoint>
    </Region>
    <Region>
      <Name>cn-north-1</Name>
      <Domain>amazonaws.com.cn</Domain>
      <Endpoint>
        <ServiceName>cloudformation</ServiceName>
        <Http>false</Http>
        <Https>true</Https>
        <Hostname>cloudformation.cn-north-1.amazonaws.com.cn</Hostname>
      </Endpoint>
      <Endpoint>
        <ServiceName>monitoring</ServiceName>
        <Http>true</Http>
        <Https>true</Https>
        <Hostname>monitoring.cn-north-1.amazonaws.com.cn</Hostname>
      </Endpoint>
      <Endpoint>
        <ServiceName>dynamodb</ServiceName>
        <Http>true</Http>
        <Https>true</Https>
        <Hostname>dynamodb.cn-north-1.amazonaws.com.cn</Hostname>
      </Endpoint>
      <Endpoint>
        <ServiceName>ec2</ServiceName>
        <Http>true</Http>
        <Https>true</Https>
        <Hostname>ec2.cn-north-1.amazonaws.com.cn</Hostname>
      </Endpoint>
      <Endpoint>
        <ServiceName>elasticmapreduce</ServiceName>
        <Http>true</Http>
        <Https>true</Https>
        <Hostname>elasticmapreduce.cn-north-1.amazonaws.com.cn</Hostname>
      </Endpoint>
      <Endpoint>
        <ServiceName>elasticache</ServiceName>
        <Http>false</Http>
        <Https>true</Https>
        <Hostname>elasticache.cn-north-1.amazonaws.com.cn</Hostname>
      </Endpoint>
      <Endpoint>
        <ServiceName>rds</ServiceName>
        <Http>false</Http>
        <Https>true</Https>
        <Hostname>rds.cn-north-1.amazonaws.com.cn</Hostname>
      </Endpoint>
      <Endpoint>
        <ServiceName>sns</ServiceName>
        <Http>true</Http>
        <Https>true</Https>
        <Hostname>sns.cn-north-1.amazonaws.com.cn</Hostname>
      </Endpoint>
      <Endpoint>
        <ServiceName>sqs</ServiceName>
        <Http>true</Http>
        <Https>true</Https>
        <Hostname>sqs.cn-north-1.amazonaws.com.cn</Hostname>
      </Endpoint>
      <Endpoint>
        <ServiceName>s3</ServiceName>
        <Http>true</Http>
        <Https>true</Https>
        <Hostname>s3.cn-north-1.amazonaws.com.cn</Hostname>
      </Endpoint>
      <Endpoint>
        <ServiceName>autoscaling</ServiceName>
        <Http>true</Http>
        <Https>true</Https>
        <Hostname>autoscaling.cn-north-1.amazonaws.com.cn</Hostname>
      </Endpoint>
      <Endpoint>
        <ServiceName>iam</ServiceName>
        <Http>false</Http>
        <Https>true</Https>
        <Hostname>iam.cn-north-1.amazonaws.com.cn</Hostname>
      </Endpoint>
      <Endpoint>
        <ServiceName>sts</ServiceName>
        <Http>false</Http>
        <Https>true</Https>
        <Hostname>sts.cn-north-1.amazonaws.com.cn</Hostname>
      </Endpoint>
      <Endpoint>
        <ServiceName>storagegateway</ServiceName>
        <Http>false</Http>
        <Https>true</Https>
        <Hostname>storagegateway.cn-north-1.amazonaws.com.cn</Hostname>
      </Endpoint>
      <Endpoint>
        <ServiceName>elasticloadbalancing</ServiceName>
        <Http>true</Http>
        <Https>true</Https>
        <Hostname>elasticloadbalancing.cn-north-1.amazonaws.com.cn</Hostname>
      </Endpoint>
      <Endpoint>
        <ServiceName>swf</ServiceName>
        <Http>false</Http>
        <Https>true</Https>
        <Hostname>swf.cn-north-1.amazonaws.com.cn</Hostname>
      </Endpoint>
      <Endpoint>
        <ServiceName>glacier</ServiceName>
        <Http>true</Http>
        <Https>true</Https>
        <Hostname>glacier.cn-north-1.amazonaws.com.cn</Hostname>
      </Endpoint>
    </Region>
    <Region>
      <Name>us-gov-west-1</Name>
      <Endpoint>
        <ServiceName>monitoring</ServiceName>
        <Http>false</Http>
        <Https>true</Https>
        <Hostname>monitoring.us-gov-west-1.amazonaws.com</Hostname>
      </Endpoint>
      <Endpoint>
        <ServiceName>dynamodb</ServiceName>
        <Http>false</Http>
        <Https>true</Https>
        <Hostname>dynamodb.us-gov-west-1.amazonaws.com</Hostname>
      </Endpoint>
      <Endpoint>
        <ServiceName>ec2</ServiceName>
        <Http>false</Http>
        <Https>true</Https>
        <Hostname>ec2.us-gov-west-1.amazonaws.com</Hostname>
      </Endpoint>
      <Endpoint>
        <ServiceName>elasticmapreduce</ServiceName>
        <Http>true</Http>
        <Https>true</Https>
        <Hostname>elasticmapreduce.us-gov-west-1.amazonaws.com</Hostname>
      </Endpoint>
      <Endpoint>
        <ServiceName>rds</ServiceName>
        <Http>false</Http>
        <Https>true</Https>
        <Hostname>rds.us-gov-west-1.amazonaws.com</Hostname>
      </Endpoint>
      <Endpoint>
        <ServiceName>sns</ServiceName>
        <Http>true</Http>
        <Https>true</Https>
        <Hostname>sns.us-gov-west-1.amazonaws.com</Hostname>
      </Endpoint>
      <Endpoint>
        <ServiceName>sqs</ServiceName>
        <Http>true</Http>
        <Https>true</Https>
        <Hostname>sqs.us-gov-west-1.amazonaws.com</Hostname>
      </Endpoint>
      <Endpoint>
        <ServiceName>s3</ServiceName>
        <Http>true</Http>
        <Https>true</Https>
        <Hostname>s3-us-gov-west-1.amazonaws.com</Hostname>
      </Endpoint>
      <Endpoint>
        <ServiceName>autoscaling</ServiceName>
        <Http>true</Http>
        <Https>true</Https>
        <Hostname>autoscaling.us-gov-west-1.amazonaws.com</Hostname>
      </Endpoint>
      <Endpoint>
        <ServiceName>iam</ServiceName>
        <Http>false</Http>
        <Https>true</Https>
        <Hostname>iam.us-gov.amazonaws.com</Hostname>
      </Endpoint>
      <Endpoint>
        <ServiceName>sts</ServiceName>
        <Http>false</Http>
        <Https>true</Https>
        <Hostname>sts.us-gov-west-1.amazonaws.com</Hostname>
      </Endpoint>
      <Endpoint>
        <ServiceName>elasticloadbalancing</ServiceName>
        <Http>true</Http>
        <Https>true</Https>
        <Hostname>elasticloadbalancing.us-gov-west-1.amazonaws.com</Hostname>
      </Endpoint>
      <Endpoint>
        <ServiceName>swf</ServiceName>
        <Http>false</Http>
        <Https>true</Https>
        <Hostname>swf.us-gov-west-1.amazonaws.com</Hostname>
      </Endpoint>
    </Region>
  </Regions>
  <Services>
    <Service>
      <Name>cloudformation</Name>
      <FullName>Amazon CloudFormation</FullName>
      <RegionName>us-east-1</RegionName>
      <RegionName>us-west-1</RegionName>
      <RegionName>us-west-2</RegionName>
      <RegionName>ap-northeast-1</RegionName>
      <RegionName>ap-southeast-1</RegionName>
      <RegionName>ap-southeast-2</RegionName>
      <RegionName>sa-east-1</RegionName>
      <RegionName>eu-west-1</RegionName>
      <RegionName>cn-north-1</RegionName>
    </Service>
    <Service>
      <Name>cloudfront</Name>
      <FullName>Amazon CloudFront</FullName>
      <RegionName>us-east-1</RegionName>
      <RegionName>us-west-1</RegionName>
      <RegionName>us-west-2</RegionName>
      <RegionName>ap-northeast-1</RegionName>
      <RegionName>ap-southeast-1</RegionName>
      <RegionName>ap-southeast-2</RegionName>
      <RegionName>sa-east-1</RegionName>
      <RegionName>eu-west-1</RegionName>
    </Service>
    <Service>
      <Name>cloudsearch</Name>
      <FullName>Amazon CloudSearch</FullName>
      <RegionName>us-east-1</RegionName>
      <RegionName>us-west-1</RegionName>
      <RegionName>us-west-2</RegionName>
      <RegionName>ap-northeast-1</RegionName>
      <RegionName>ap-southeast-1</RegionName>
      <RegionName>ap-southeast-2</RegionName>
      <RegionName>sa-east-1</RegionName>
      <RegionName>eu-west-1</RegionName>
    </Service>
    <Service>
      <Name>cloudtrail</Name>
      <FullName>AWS CloudTrail</FullName>
      <RegionName>us-east-1</RegionName>
      <RegionName>us-west-2</RegionName>
    </Service>
    <Service>
      <Name>monitoring</Name>
      <FullName>Amazon CloudWatch</FullName>
      <RegionName>us-east-1</RegionName>
      <RegionName>us-west-1</RegionName>
      <RegionName>us-west-2</RegionName>
      <RegionName>ap-northeast-1</RegionName>
      <RegionName>ap-southeast-1</RegionName>
      <RegionName>ap-southeast-2</RegionName>
      <RegionName>sa-east-1</RegionName>
      <RegionName>eu-west-1</RegionName>
      <RegionName>cn-north-1</RegionName>
      <RegionName>us-gov-west-1</RegionName>
    </Service>
    <Service>
      <Name>dynamodb</Name>
      <FullName>Amazon DynamoDB</FullName>
      <RegionName>us-east-1</RegionName>
      <RegionName>us-west-1</RegionName>
      <RegionName>us-west-2</RegionName>
      <RegionName>ap-northeast-1</RegionName>
      <RegionName>ap-southeast-1</RegionName>
      <RegionName>ap-southeast-2</RegionName>
      <RegionName>sa-east-1</RegionName>
      <RegionName>eu-west-1</RegionName>
      <RegionName>cn-north-1</RegionName>
      <RegionName>us-gov-west-1</RegionName>
    </Service>
    <Service>
      <Name>ec2</Name>
      <FullName>Amazon Elastic Compute Cloud</FullName>
      <RegionName>us-east-1</RegionName>
      <RegionName>us-west-1</RegionName>
      <RegionName>us-west-2</RegionName>
      <RegionName>ap-northeast-1</RegionName>
      <RegionName>ap-southeast-1</RegionName>
      <RegionName>ap-southeast-2</RegionName>
      <RegionName>sa-east-1</RegionName>
      <RegionName>eu-west-1</RegionName>
      <RegionName>cn-north-1</RegionName>
      <RegionName>us-gov-west-1</RegionName>
    </Service>
    <Service>
      <Name>elasticmapreduce</Name>
      <FullName>Amazon Elastic MapReduce</FullName>
      <RegionName>us-east-1</RegionName>
      <RegionName>us-west-1</RegionName>
      <RegionName>us-west-2</RegionName>
      <RegionName>ap-northeast-1</RegionName>
      <RegionName>ap-southeast-1</RegionName>
      <RegionName>ap-southeast-2</RegionName>
      <RegionName>sa-east-1</RegionName>
      <RegionName>eu-west-1</RegionName>
      <RegionName>cn-north-1</RegionName>
      <RegionName>us-gov-west-1</RegionName>
    </Service>
    <Service>
      <Name>elasticache</Name>
      <FullName>Amazon ElastiCache</FullName>
      <RegionName>us-east-1</RegionName>
      <RegionName>us-west-1</RegionName>
      <RegionName>us-west-2</RegionName>
      <RegionName>ap-northeast-1</RegionName>
      <RegionName>ap-southeast-1</RegionName>
      <RegionName>ap-southeast-2</RegionName>
      <RegionName>sa-east-1</RegionName>
      <RegionName>eu-west-1</RegionName>
      <RegionName>cn-north-1</RegionName>
    </Service>
    <Service>
      <Name>rds</Name>
      <FullName>Amazon Relational Database Service</FullName>
      <RegionName>us-east-1</RegionName>
      <RegionName>us-west-1</RegionName>
      <RegionName>us-west-2</RegionName>
      <RegionName>ap-northeast-1</RegionName>
      <RegionName>ap-southeast-1</RegionName>
      <RegionName>ap-southeast-2</RegionName>
      <RegionName>sa-east-1</RegionName>
      <RegionName>eu-west-1</RegionName>
      <RegionName>cn-north-1</RegionName>
      <RegionName>us-gov-west-1</RegionName>
    </Service>
    <Service>
      <Name>route53</Name>
      <FullName>Amazon Route 53</FullName>
      <RegionName>us-east-1</RegionName>
      <RegionName>us-west-1</RegionName>
      <RegionName>us-west-2</RegionName>
      <RegionName>ap-northeast-1</RegionName>
      <RegionName>ap-southeast-1</RegionName>
      <RegionName>ap-southeast-2</RegionName>
      <RegionName>sa-east-1</RegionName>
      <RegionName>eu-west-1</RegionName>
    </Service>
    <Service>
      <Name>email</Name>
      <FullName>Amazon Simple Email Service</FullName>
      <RegionName>us-east-1</RegionName>
      <RegionName>us-west-2</RegionName>
      <RegionName>eu-west-1</RegionName>
    </Service>
    <Service>
      <Name>sdb</Name>
      <FullName>Amazon SimpleDB</FullName>
      <RegionName>us-east-1</RegionName>
      <RegionName>us-west-1</RegionName>
      <RegionName>us-west-2</RegionName>
      <RegionName>ap-northeast-1</RegionName>
      <RegionName>ap-southeast-1</RegionName>
      <RegionName>ap-southeast-2</RegionName>
      <RegionName>sa-east-1</RegionName>
      <RegionName>eu-west-1</RegionName>
    </Service>
    <Service>
      <Name>sns</Name>
      <FullName>Amazon Simple Notification Service</FullName>
      <RegionName>us-east-1</RegionName>
      <RegionName>us-west-1</RegionName>
      <RegionName>us-west-2</RegionName>
      <RegionName>ap-northeast-1</RegionName>
      <RegionName>ap-southeast-1</RegionName>
      <RegionName>ap-southeast-2</RegionName>
      <RegionName>sa-east-1</RegionName>
      <RegionName>eu-west-1</RegionName>
      <RegionName>cn-north-1</RegionName>
      <RegionName>us-gov-west-1</RegionName>
    </Service>
    <Service>
      <Name>sqs</Name>
      <FullName>Amazon Simple Queue Service</FullName>
      <RegionName>us-east-1</RegionName>
      <RegionName>us-west-1</RegionName>
      <RegionName>us-west-2</RegionName>
      <RegionName>ap-northeast-1</RegionName>
      <RegionName>ap-southeast-1</RegionName>
      <RegionName>ap-southeast-2</RegionName>
      <RegionName>sa-east-1</RegionName>
      <RegionName>eu-west-1</RegionName>
      <RegionName>cn-north-1</RegionName>
      <RegionName>us-gov-west-1</RegionName>
    </Service>
    <Service>
      <Name>s3</Name>
      <FullName>Amazon Simple Storage Service</FullName>
      <RegionName>us-east-1</RegionName>
      <RegionName>us-west-1</RegionName>
      <RegionName>us-west-2</RegionName>
      <RegionName>ap-northeast-1</RegionName>
      <RegionName>ap-southeast-1</RegionName>
      <RegionName>ap-southeast-2</RegionName>
      <RegionName>sa-east-1</RegionName>
      <RegionName>eu-west-1</RegionName>
      <RegionName>cn-north-1</RegionName>
      <RegionName>us-gov-west-1</RegionName>
    </Service>
    <Service>
      <Name>autoscaling</Name>
      <FullName>Auto Scaling</FullName>
      <RegionName>us-east-1</RegionName>
      <RegionName>us-west-1</RegionName>
      <RegionName>us-west-2</RegionName>
      <RegionName>ap-northeast-1</RegionName>
      <RegionName>ap-southeast-1</RegionName>
      <RegionName>ap-southeast-2</RegionName>
      <RegionName>sa-east-1</RegionName>
      <RegionName>eu-west-1</RegionName>
      <RegionName>cn-north-1</RegionName>
      <RegionName>us-gov-west-1</RegionName>
    </Service>
    <Service>
      <Name>elasticbeanstalk</Name>
      <FullName>AWS Elastic Beanstalk</FullName>
      <RegionName>us-east-1</RegionName>
      <RegionName>us-west-1</RegionName>
      <RegionName>us-west-2</RegionName>
      <RegionName>ap-northeast-1</RegionName>
      <RegionName>ap-southeast-1</RegionName>
      <RegionName>ap-southeast-2</RegionName>
      <RegionName>sa-east-1</RegionName>
      <RegionName>eu-west-1</RegionName>
    </Service>
    <Service>
      <Name>iam</Name>
      <FullName>AWS Identity &amp; Access Management</FullName>
      <RegionName>us-east-1</RegionName>
      <RegionName>us-west-1</RegionName>
      <RegionName>us-west-2</RegionName>
      <RegionName>ap-northeast-1</RegionName>
      <RegionName>ap-southeast-1</RegionName>
      <RegionName>ap-southeast-2</RegionName>
      <RegionName>sa-east-1</RegionName>
      <RegionName>eu-west-1</RegionName>
      <RegionName>cn-north-1</RegionName>
      <RegionName>us-gov-west-1</RegionName>
    </Service>
    <Service>
      <Name>importexport</Name>
      <FullName>AWS Import/Export</FullName>
      <RegionName>us-east-1</RegionName>
      <RegionName>us-west-1</RegionName>
      <RegionName>us-west-2</RegionName>
      <RegionName>ap-northeast-1</RegionName>
      <RegionName>ap-southeast-1</RegionName>
      <RegionName>ap-southeast-2</RegionName>
      <RegionName>sa-east-1</RegionName>
      <RegionName>eu-west-1</RegionName>
    </Service>
    <Service>
      <Name>sts</Name>
      <FullName>AWS Security Token Service</FullName>
      <RegionName>us-east-1</RegionName>
      <RegionName>us-west-1</RegionName>
      <RegionName>us-west-2</RegionName>
      <RegionName>ap-northeast-1</RegionName>
      <RegionName>ap-southeast-1</RegionName>
      <RegionName>ap-southeast-2</RegionName>
      <RegionName>sa-east-1</RegionName>
      <RegionName>eu-west-1</RegionName>
      <RegionName>cn-north-1</RegionName>
      <RegionName>us-gov-west-1</RegionName>
    </Service>
    <Service>
      <Name>storagegateway</Name>
      <FullName>AWS Storage Gateway</FullName>
      <RegionName>us-east-1</RegionName>
      <RegionName>us-west-1</RegionName>
      <RegionName>us-west-2</RegionName>
      <RegionName>ap-northeast-1</RegionName>
      <RegionName>ap-southeast-1</RegionName>
      <RegionName>ap-southeast-2</RegionName>
      <RegionName>sa-east-1</RegionName>
      <RegionName>eu-west-1</RegionName>
      <RegionName>cn-north-1</RegionName>
    </Service>
    <Service>
      <Name>support</Name>
      <FullName>AWS Support</FullName>
      <RegionName>us-east-1</RegionName>
    </Service>
    <Service>
      <Name>elasticloadbalancing</Name>
      <FullName>Elastic Load Balancing</FullName>
      <RegionName>us-east-1</RegionName>
      <RegionName>us-west-1</RegionName>
      <RegionName>us-west-2</RegionName>
      <RegionName>ap-northeast-1</RegionName>
      <RegionName>ap-southeast-1</RegionName>
      <RegionName>ap-southeast-2</RegionName>
      <RegionName>sa-east-1</RegionName>
      <RegionName>eu-west-1</RegionName>
      <RegionName>cn-north-1</RegionName>
      <RegionName>us-gov-west-1</RegionName>
    </Service>
    <Service>
      <Name>swf</Name>
      <FullName>Amazon Simple Workflow Service</FullName>
      <RegionName>us-east-1</RegionName>
      <RegionName>us-west-1</RegionName>
      <RegionName>us-west-2</RegionName>
      <RegionName>ap-northeast-1</RegionName>
      <RegionName>ap-southeast-1</RegionName>
      <RegionName>ap-southeast-2</RegionName>
      <RegionName>sa-east-1</RegionName>
      <RegionName>eu-west-1</RegionName>
      <RegionName>cn-north-1</RegionName>
      <RegionName>us-gov-west-1</RegionName>
    </Service>
    <Service>
      <Name>glacier</Name>
      <FullName>Amazon Glacier</FullName>
      <RegionName>us-east-1</RegionName>
      <RegionName>us-west-1</RegionName>
      <RegionName>us-west-2</RegionName>
      <RegionName>ap-northeast-1</RegionName>
      <RegionName>ap-southeast-2</RegionName>
      <RegionName>eu-west-1</RegionName>
      <RegionName>cn-north-1</RegionName>
    </Service>
    <Service>
      <Name>directconnect</Name>
      <FullName>AWS Direct Connect</FullName>
      <RegionName>us-east-1</RegionName>
      <RegionName>us-west-1</RegionName>
      <RegionName>us-west-2</RegionName>
      <RegionName>ap-northeast-1</RegionName>
      <RegionName>ap-southeast-1</RegionName>
      <RegionName>ap-southeast-2</RegionName>
      <RegionName>sa-east-1</RegionName>
      <RegionName>eu-west-1</RegionName>
    </Service>
    <Service>
      <Name>datapipeline</Name>
      <FullName>AWS Data Pipeline</FullName>
      <RegionName>us-east-1</RegionName>
      <RegionName>us-west-2</RegionName>
      <RegionName>ap-northeast-1</RegionName>
      <RegionName>ap-southeast-2</RegionName>
      <RegionName>eu-west-1</RegionName>
    </Service>
    <Service>
      <Name>redshift</Name>
      <FullName>Amazon Redshift</FullName>
      <RegionName>us-east-1</RegionName>
      <RegionName>us-west-2</RegionName>
      <RegionName>ap-northeast-1</RegionName>
      <RegionName>ap-southeast-1</RegionName>
      <RegionName>ap-southeast-2</RegionName>
      <RegionName>eu-west-1</RegionName>
    </Service>
    <Service>
      <Name>kinesis</Name>
      <FullName>Amazon Kinesis</FullName>
      <RegionName>us-east-1</RegionName>
    </Service>
    <Service>
      <Name>opsworks</Name>
      <FullName>AWS OpsWorks</FullName>
      <RegionName>us-east-1</RegionName>
    </Service>
    <Service>
      <Name>elastictranscoder</Name>
      <FullName>Amazon Elastic Transcoder</FullName>
      <RegionName>us-east-1</RegionName>
      <RegionName>us-west-1</RegionName>
      <RegionName>us-west-2</RegionName>
      <RegionName>ap-northeast-1</RegionName>
      <RegionName>ap-southeast-1</RegionName>
      <RegionName>eu-west-1</RegionName>
    </Service>
  </Services>
</XML>