<?xml version='1.0' encoding='UTF-8'?>
<countries>
  <country code='af' phoneCode='93' name='Afghanistan' />
  <country code='al' phoneCode='355' name='Albania' />
  <country code='dz' phoneCode='213' name='Algeria' />
  <country code='ad' phoneCode='376' name='Andorra' />
  <country code='ao' phoneCode='244' name='Angola' />
  <country code='aq' phoneCode='672' name='Antarctica' />
  <country code='ar' phoneCode='54' name='Argentina' />
  <country code='am' phoneCode='374' name='Armenia' />
  <country code='aw' phoneCode='297' name='Aruba' />
  <country code='au' phoneCode='61' name='Australia' />
  <country code='at' phoneCode='43' name='Austria' />
  <country code='az' phoneCode='994' name='Azerbaijan' />
  <country code='bh' phoneCode='973' name='Bahrain' />
  <country code='bd' phoneCode='880' name='Bangladesh' />
  <country code='by' phoneCode='375' name='Belarus' />
  <country code='be' phoneCode='32' name='Belgium' />
  <country code='bz' phoneCode='501' name='Belize' />
  <country code='bj' phoneCode='229' name='Benin' />
  <country code='bt' phoneCode='975' name='Bhutan' />
  <country code='bo' phoneCode='591' name='Bolivia, Plurinational State Of' />
  <country code='ba' phoneCode='387' name='Bosnia And Herzegovina' />
  <country code='bw' phoneCode='267' name='Botswana' />
  <country code='br' phoneCode='55' name='Brazil' />
  <country code='bn' phoneCode='673' name='Brunei Darussalam' />
  <country code='bg' phoneCode='359' name='Bulgaria' />
  <country code='bf' phoneCode='226' name='Burkina Faso' />
  <country code='mm' phoneCode='95' name='Myanmar' />
  <country code='bi' phoneCode='257' name='Burundi' />
  <country code='kh' phoneCode='855' name='Cambodia' />
  <country code='cm' phoneCode='237' name='Cameroon' />
  <country code='ca' phoneCode='1' name='Canada' />
  <country code='cv' phoneCode='238' name='Cape Verde' />
  <country code='cf' phoneCode='236' name='Central African Republic' />
  <country code='td' phoneCode='235' name='Chad' />
  <country code='cl' phoneCode='56' name='Chile' />
  <country code='cn' phoneCode='86' name='China' />
  <country code='cx' phoneCode='61' name='Christmas Island' />
  <country code='cc' phoneCode='61' name='Cocos (keeling) Islands' />
  <country code='co' phoneCode='57' name='Colombia' />
  <country code='km' phoneCode='269' name='Comoros' />
  <country code='cg' phoneCode='242' name='Congo' />
  <country code='cd' phoneCode='243' name='Congo, The Democratic Republic Of The' />
  <country code='ck' phoneCode='682' name='Cook Islands' />
  <country code='cr' phoneCode='506' name='Costa Rica' />
  <country code='hr' phoneCode='385' name='Croatia' />
  <country code='cu' phoneCode='53' name='Cuba' />
  <country code='cy' phoneCode='357' name='Cyprus' />
  <country code='cz' phoneCode='420' name='Czech Republic' />
  <country code='dk' phoneCode='45' name='Denmark' />
  <country code='dj' phoneCode='253' name='Djibouti' />
  <country code='tl' phoneCode='670' name='Timor-leste' />
  <country code='ec' phoneCode='593' name='Ecuador' />
  <country code='eg' phoneCode='20' name='Egypt' />
  <country code='sv' phoneCode='503' name='El Salvador' />
  <country code='gq' phoneCode='240' name='Equatorial Guinea' />
  <country code='er' phoneCode='291' name='Eritrea' />
  <country code='ee' phoneCode='372' name='Estonia' />
  <country code='et' phoneCode='251' name='Ethiopia' />
  <country code='fk' phoneCode='500' name='Falkland Islands (malvinas)' />
  <country code='fo' phoneCode='298' name='Faroe Islands' />
  <country code='fj' phoneCode='679' name='Fiji' />
  <country code='fi' phoneCode='358' name='Finland' />
  <country code='fr' phoneCode='33' name='France' />
  <country code='pf' phoneCode='689' name='French Polynesia' />
  <country code='ga' phoneCode='241' name='Gabon' />
  <country code='gm' phoneCode='220' name='Gambia' />
  <country code='ge' phoneCode='995' name='Georgia' />
  <country code='de' phoneCode='49' name='Germany' />
  <country code='gh' phoneCode='233' name='Ghana' />
  <country code='gi' phoneCode='350' name='Gibraltar' />
  <country code='gr' phoneCode='30' name='Greece' />
  <country code='gl' phoneCode='299' name='Greenland' />
  <country code='gt' phoneCode='502' name='Guatemala' />
  <country code='gn' phoneCode='224' name='Guinea' />
  <country code='gw' phoneCode='245' name='Guinea-bissau' />
  <country code='gy' phoneCode='592' name='Guyana' />
  <country code='ht' phoneCode='509' name='Haiti' />
  <country code='hn' phoneCode='504' name='Honduras' />
  <country code='hk' phoneCode='852' name='Hong Kong' />
  <country code='hu' phoneCode='36' name='Hungary' />
  <country code='in' phoneCode='91' name='India' />
  <country code='id' phoneCode='62' name='Indonesia' />
  <country code='ir' phoneCode='98' name='Iran, Islamic Republic Of' />
  <country code='iq' phoneCode='964' name='Iraq' />
  <country code='ie' phoneCode='353' name='Ireland' />
  <country code='im' phoneCode='44' name='Isle Of Man' />
  <country code='il' phoneCode='972' name='Israel' />
  <country code='it' phoneCode='39' name='Italy' />
  <country code='ci' phoneCode='225' name='Côte D&apos;ivoire' />
  <country code='jp' phoneCode='81' name='Japan' />
  <country code='jo' phoneCode='962' name='Jordan' />
  <country code='kz' phoneCode='7' name='Kazakhstan' />
  <country code='ke' phoneCode='254' name='Kenya' />
  <country code='ki' phoneCode='686' name='Kiribati' />
  <country code='kw' phoneCode='965' name='Kuwait' />
  <country code='kg' phoneCode='996' name='Kyrgyzstan' />
  <country code='la' phoneCode='856' name='Lao People&apos;s Democratic Republic' />
  <country code='lv' phoneCode='371' name='Latvia' />
  <country code='lb' phoneCode='961' name='Lebanon' />
  <country code='ls' phoneCode='266' name='Lesotho' />
  <country code='lr' phoneCode='231' name='Liberia' />
  <country code='ly' phoneCode='218' name='Libya' />
  <country code='li' phoneCode='423' name='Liechtenstein' />
  <country code='lt' phoneCode='370' name='Lithuania' />
  <country code='lu' phoneCode='352' name='Luxembourg' />
  <country code='mo' phoneCode='853' name='Macao' />
  <country code='mk' phoneCode='389' name='Macedonia, The Former Yugoslav Republic Of' />
  <country code='mg' phoneCode='261' name='Madagascar' />
  <country code='mw' phoneCode='265' name='Malawi' />
  <country code='my' phoneCode='60' name='Malaysia' />
  <country code='mv' phoneCode='960' name='Maldives' />
  <country code='ml' phoneCode='223' name='Mali' />
  <country code='mt' phoneCode='356' name='Malta' />
  <country code='mh' phoneCode='692' name='Marshall Islands' />
  <country code='mr' phoneCode='222' name='Mauritania' />
  <country code='mu' phoneCode='230' name='Mauritius' />
  <country code='yt' phoneCode='262' name='Mayotte' />
  <country code='mx' phoneCode='52' name='Mexico' />
  <country code='fm' phoneCode='691' name='Micronesia, Federated States Of' />
  <country code='md' phoneCode='373' name='Moldova, Republic Of' />
  <country code='mc' phoneCode='377' name='Monaco' />
  <country code='mn' phoneCode='976' name='Mongolia' />
  <country code='me' phoneCode='382' name='Montenegro' />
  <country code='ma' phoneCode='212' name='Morocco' />
  <country code='mz' phoneCode='258' name='Mozambique' />
  <country code='na' phoneCode='264' name='Namibia' />
  <country code='nr' phoneCode='674' name='Nauru' />
  <country code='np' phoneCode='977' name='Nepal' />
  <country code='nl' phoneCode='31' name='Netherlands' />
  <country code='nc' phoneCode='687' name='New Caledonia' />
  <country code='nz' phoneCode='64' name='New Zealand' />
  <country code='ni' phoneCode='505' name='Nicaragua' />
  <country code='ne' phoneCode='227' name='Niger' />
  <country code='ng' phoneCode='234' name='Nigeria' />
  <country code='nu' phoneCode='683' name='Niue' />
  <country code='kp' phoneCode='850' name='Korea, Democratic People&apos;s Republic Of' />
  <country code='no' phoneCode='47' name='Norway' />
  <country code='om' phoneCode='968' name='Oman' />
  <country code='pk' phoneCode='92' name='Pakistan' />
  <country code='pw' phoneCode='680' name='Palau' />
  <country code='pa' phoneCode='507' name='Panama' />
  <country code='pg' phoneCode='675' name='Papua New Guinea' />
  <country code='py' phoneCode='595' name='Paraguay' />
  <country code='pe' phoneCode='51' name='Peru' />
  <country code='ph' phoneCode='63' name='Philippines' />
  <country code='pn' phoneCode='870' name='Pitcairn' />
  <country code='pl' phoneCode='48' name='Poland' />
  <country code='pt' phoneCode='351' name='Portugal' />
  <country code='pr' phoneCode='1' name='Puerto Rico' />
  <country code='qa' phoneCode='974' name='Qatar' />
  <country code='ro' phoneCode='40' name='Romania' />
  <country code='ru' phoneCode='7' name='Russian Federation' />
  <country code='rw' phoneCode='250' name='Rwanda' />
  <country code='bl' phoneCode='590' name='Saint Barthélemy' />
  <country code='ws' phoneCode='685' name='Samoa' />
  <country code='sm' phoneCode='378' name='San Marino' />
  <country code='st' phoneCode='239' name='Sao Tome And Principe' />
  <country code='sa' phoneCode='966' name='Saudi Arabia' />
  <country code='sn' phoneCode='221' name='Senegal' />
  <country code='rs' phoneCode='381' name='Serbia' />
  <country code='sc' phoneCode='248' name='Seychelles' />
  <country code='sl' phoneCode='232' name='Sierra Leone' />
  <country code='sg' phoneCode='65' name='Singapore' />
  <country code='sk' phoneCode='421' name='Slovakia' />
  <country code='si' phoneCode='386' name='Slovenia' />
  <country code='sb' phoneCode='677' name='Solomon Islands' />
  <country code='so' phoneCode='252' name='Somalia' />
  <country code='za' phoneCode='27' name='South Africa' />
  <country code='kr' phoneCode='82' name='Korea, Republic Of' />
  <country code='es' phoneCode='34' name='Spain' />
  <country code='lk' phoneCode='94' name='Sri Lanka' />
  <country code='sh' phoneCode='290' name='Saint Helena, Ascension And Tristan Da Cunha' />
  <country code='pm' phoneCode='508' name='Saint Pierre And Miquelon' />
  <country code='sd' phoneCode='249' name='Sudan' />
  <country code='sr' phoneCode='597' name='Suriname' />
  <country code='sz' phoneCode='268' name='Swaziland' />
  <country code='se' phoneCode='46' name='Sweden' />
  <country code='ch' phoneCode='41' name='Switzerland' />
  <country code='sy' phoneCode='963' name='Syrian Arab Republic' />
  <country code='tw' phoneCode='886' name='Taiwan, Province Of China' />
  <country code='tj' phoneCode='992' name='Tajikistan' />
  <country code='tz' phoneCode='255' name='Tanzania, United Republic Of' />
  <country code='th' phoneCode='66' name='Thailand' />
  <country code='tg' phoneCode='228' name='Togo' />
  <country code='tk' phoneCode='690' name='Tokelau' />
  <country code='to' phoneCode='676' name='Tonga' />
  <country code='tn' phoneCode='216' name='Tunisia' />
  <country code='tr' phoneCode='90' name='Turkey' />
  <country code='tm' phoneCode='993' name='Turkmenistan' />
  <country code='tv' phoneCode='688' name='Tuvalu' />
  <country code='ae' phoneCode='971' name='United Arab Emirates' />
  <country code='ug' phoneCode='256' name='Uganda' />
  <country code='gb' phoneCode='44' name='United Kingdom' />
  <country code='ua' phoneCode='380' name='Ukraine' />
  <country code='uy' phoneCode='598' name='Uruguay' />
  <country code='us' phoneCode='1' name='United States' />
  <country code='uz' phoneCode='998' name='Uzbekistan' />
  <country code='vu' phoneCode='678' name='Vanuatu' />
  <country code='va' phoneCode='39' name='Holy See (vatican City State)' />
  <country code='ve' phoneCode='58' name='Venezuela, Bolivarian Republic Of' />
  <country code='vn' phoneCode='84' name='Viet Nam' />
  <country code='wf' phoneCode='681' name='Wallis And Futuna' />
  <country code='ye' phoneCode='967' name='Yemen' />
  <country code='zm' phoneCode='260' name='Zambia' />
  <country code='zw' phoneCode='263' name='Zimbabwe' />
</countries>
