{
	"attribute_edupersonaffiliation": {
		"no": "Tilh\u00f8righet",
		"nn": "Rolle ved organisasjonen",
		"sv": "Anknytning",
		"es": "Afiliaci\u00f3n",
		"fr": "Affiliation",
		"de": "Organisationszugeh\u00f6rigkeit",
		"nl": "Affiliatie",
		"lb": "Zesummenschloss",
		"sl": "Vloga uporabnika",
		"da": "Brugerens tilknytning til hjemmeorganisationen",
		"se": "Du doaibma organisa\u0161uvnnas",
		"hr": "Povezanost s ustanovom",
		"hu": "Viszony",
		"fi": "Suhde organisaatioon",
		"pt-br": "Filia\u00e7\u00e3o",
		"pt": "Afilia\u00e7\u00e3o com a organiza\u00e7\u00e3o de origem",
		"pl": "Przynale\u017cno\u015b\u0107 (Affiliation)",
		"cs": "Vztah k organizaci",
		"tr": "Ba\u011flant\u0131",
		"it": "Affiliazione",
		"lt": "Pareigos",
		"ja": "\u6240\u5c5e",
		"zh-tw": "\u9023\u7d61\u65b9\u5f0f",
		"he": "\u05d4\u05e9\u05ea\u05d9\u05d9\u05db\u05d5\u05ea",
		"ru": "\u0427\u043b\u0435\u043d\u0441\u0442\u0432\u043e",
		"et": "Rollid",
		"zh": "\u8054\u7edc\u65b9\u5f0f",
		"sr": "Povezanost sa institucijom",
		"ar": "\u062c\u0647\u0629 \u0627\u0644\u0639\u0645\u0644",
		"id": "Afiliasi",
		"lv": "Pieder\u012bba",
		"ro": "Afiliere"
	},
	"attribute_title": {
		"no": "Tittel",
		"nn": "Tittel",
		"sv": "Titel",
		"es": "Tratamiento",
		"fr": "Titre",
		"de": "Titel",
		"nl": "Titel",
		"lb": "Zougeh\u00e9iregkeet",
		"sl": "Naziv",
		"da": "Titel",
		"hr": "Naziv",
		"hu": "C\u00edm",
		"fi": "Titteli",
		"pt-br": "T\u00edtulo",
		"pt": "T\u00edtulo",
		"pl": "Tytu\u0142 (Title)",
		"cs": "Nadpis",
		"tr": "Ba\u015fl\u0131k",
		"it": "Titolo",
		"lt": "Pavadinimas",
		"ja": "\u30bf\u30a4\u30c8\u30eb",
		"zh-tw": "\u6a19\u984c",
		"he": "\u05ea\u05d5\u05d0\u05e8",
		"ru": "\u0417\u0430\u0433\u043b\u0430\u0432\u0438\u0435",
		"et": "Tiitel",
		"zh": "\u6807\u9898",
		"sr": "Zvanje",
		"ar": "\u0627\u0644\u0644\u0642\u0628",
		"id": "Gelar",
		"lv": "Amats",
		"ro": "Titlu\/titulatur\u0103"
	},
	"attribute_uid": {
		"no": "Bruker-ID",
		"nn": "Lokalt brukarnamn",
		"sv": "Anv\u00e4ndaridentitet",
		"es": "Identificador de usuario",
		"fr": "ID Utilisateur",
		"de": "Nutzer ID",
		"nl": "Gebruikers ID",
		"lb": "Benotzer ID",
		"sl": "Uporabni\u0161ko ime",
		"da": "Brugernavn",
		"se": "Namahus",
		"hr": "Identifikator korisnika u ustanovi",
		"hu": "Felhaszn\u00e1l\u00f3i azonos\u00edt\u00f3",
		"fi": "uid",
		"pt-br": "Identifica\u00e7\u00e3o (UID)",
		"pt": "Identifica\u00e7\u00e3o de utilizador",
		"pl": "ID u\u017cytkownika (User ID)",
		"cs": "Identifik\u00e1tor (UID)",
		"tr": "Kullan\u0131c\u0131 ID",
		"it": "Identificativo utente",
		"lt": "Naudotojo ID",
		"ja": "\u30e6\u30fc\u30b6\u30fcID",
		"zh-tw": "\u4f7f\u7528\u8005 ID",
		"et": "Kasutaja ID",
		"he": "\u05de\u05d6\u05d4\u05d4 \u05de\u05e9\u05ea\u05de\u05e9",
		"ru": "ID \u043f\u043e\u043b\u044c\u0437\u043e\u0432\u0430\u0442\u0435\u043b\u044f",
		"zh": "\u7528\u6237ID",
		"sr": "Korisni\u010dko ime",
		"ar": "\u0627\u0644\u0627\u0633\u0645 \u0627\u0644\u062a\u0639\u0631\u064a\u0641\u064a \u0644\u0644\u0645\u0633\u062a\u062e\u062f\u0645",
		"id": "User ID",
		"lv": "Lietot\u0101ja ID",
		"ro": "ID utilizator"
	},
	"attribute_sn": {
		"no": "Etternavn",
		"nn": "Etternamn",
		"sv": "Efternamn",
		"es": "Apellidos",
		"fr": "Nom",
		"de": "Nachname",
		"nl": "Achternaam",
		"lb": "Virnumm",
		"sl": "Priimek",
		"da": "Efternavn",
		"se": "Goargu",
		"hr": "Prezime",
		"hu": "Vezet\u00e9kn\u00e9v",
		"fi": "Sukunimi",
		"pt-br": "Sobrenome",
		"pt": "Nome de fam\u00edlia",
		"pl": "Nazwisko (Surname)",
		"cs": "P\u0159\u00edjmen\u00ed",
		"tr": "Soyad\u0131",
		"it": "Cognome",
		"lt": "Pavard\u0117",
		"ja": "\u59d3",
		"zh-tw": "\u59d3",
		"et": "Perekonnanimi",
		"he": "\u05e9\u05dd \u05de\u05e9\u05e4\u05d7\u05d4",
		"ru": "\u0424\u0430\u043c\u0438\u043b\u0438\u044f",
		"zh": "\u59d3",
		"sr": "Prezime",
		"ar": "\u0627\u0633\u0645 \u0627\u0644\u0639\u0627\u0626\u0644\u0647",
		"id": "Nama Keluaga",
		"lv": "Uzv\u0101rds",
		"ro": "Nume de familie"
	},
	"attribute_givenname": {
		"no": "Fornavn",
		"nn": "Fornamn",
		"sv": "F\u00f6rnamn",
		"es": "Nombre",
		"fr": "Pr\u00e9nom",
		"de": "Vorname",
		"nl": "Voornaam",
		"lb": "Familliennumm",
		"sl": "Ime",
		"da": "Fornavn(e)",
		"se": "Ovdanamma",
		"hr": "Ime",
		"hu": "Keresztn\u00e9v",
		"fi": "Etunimet",
		"pt-br": "Nome",
		"pt": "Nome Pr\u00f3prio",
		"pl": "Imi\u0119 (Given name)",
		"cs": "K\u0159estn\u00ed jm\u00e9no",
		"tr": "Verilen isim",
		"it": "Nome ",
		"lt": "Vardas",
		"ja": "\u540d",
		"zh-tw": "\u540d",
		"et": "Eesnimi",
		"he": "\u05e9\u05dd \u05e4\u05e8\u05d8\u05d9",
		"ru": "\u0418\u043c\u044f",
		"zh": "\u540d",
		"sr": "Ime",
		"ar": "\u0627\u0644\u0627\u0633\u0645",
		"id": "Nama",
		"lv": "V\u0101rds",
		"ro": "Prenume"
	},
	"attribute_cn": {
		"no": "Fullt navn",
		"nn": "Fullt namn",
		"sv": "Fullst\u00e4ndigt namn",
		"es": "Nombre com\u00fan (CN)",
		"fr": "Nom usuel",
		"de": "Voller Name",
		"nl": "Algemene naam",
		"lb": "Allgem\u00e9ngen Numm",
		"sl": "Ime in priimek",
		"da": "Kaldenavn",
		"se": "Olles namma",
		"hr": "Ime i prezime",
		"hu": "Teljes n\u00e9v",
		"fi": "K\u00e4ytt\u00f6nimi",
		"pt-br": "Nome Comum (CN)",
		"pt": "Nome completo",
		"pl": "Nazwa (Common name)",
		"cs": "Cel\u00e9 jm\u00e9no (CN)",
		"tr": "Ortak ad",
		"it": "Nome completo",
		"lt": "Pilnas vardas",
		"ja": "\u4e00\u822c\u540d",
		"zh-tw": "\u5e38\u7528\u540d\u5b57",
		"he": "\u05e9\u05dd \u05e8\u05d5\u05d5\u05d7 ",
		"ru": "\u041f\u043e\u043b\u043d\u043e\u0435 \u0438\u043c\u044f",
		"et": "\u00dcldnimi",
		"zh": "\u5e38\u7528\u540d\u5b57",
		"sr": "Ime i Prezime",
		"ar": "\u0623\u0633\u0645\u0627\u0621 \u0627\u062e\u0631\u064a",
		"id": "Common Name",
		"lv": "V\u0101rds",
		"ro": "Nume comun"
	},
	"attribute_mail": {
		"no": "E-post",
		"nn": "Epostadresse",
		"sv": "E-postadress",
		"es": "Correo electr\u00f3nico",
		"fr": "Courriel",
		"de": "Emailadresse",
		"nl": "E-mail",
		"lb": "E-mail",
		"sl": "Elektronski naslov",
		"da": "Emailadresse",
		"se": "Elektrovnnala\u0161 poasta\u010dijuhus",
		"hr": "Elektroni\u010dka adresa",
		"hu": "E-mail",
		"fi": "S\u00e4hk\u00f6posti",
		"pt-br": "E-mail",
		"pt": "E-mail",
		"pl": "E-mail",
		"cs": "Email",
		"tr": "Posta",
		"it": "Mail",
		"lt": "El.pa\u0161tas",
		"ja": "\u30e1\u30fc\u30eb\u30a2\u30c9\u30ec\u30b9",
		"zh-tw": "\u90f5\u4ef6",
		"et": "E-post",
		"he": "\u05d3\u05d5\u05d0\u05e8",
		"ru": "\u041f\u043e\u0447\u0442\u0430",
		"zh": "\u90ae\u7bb1",
		"sr": "Elektronska adresa",
		"ar": "\u0627\u0644\u0639\u0646\u0648\u0627\u0646 \u0627\u0644\u0628\u0631\u064a\u062f\u064a",
		"id": "Mail",
		"lv": "Pasts",
		"ro": "Mail"
	},
	"attribute_mobile": {
		"no": "Mobiltelefon",
		"nn": "Mobiltelefon",
		"sv": "Mobiltelefon",
		"es": "Tel\u00e9fono m\u00f3vil",
		"fr": "Mobile",
		"de": "Mobiltelefon",
		"nl": "Mobiel",
		"lb": "GSM Nummer",
		"sl": "Mobilni telefon",
		"da": "Telefonnummer (mobil)",
		"se": "M\u00e1tketelefovdna",
		"hr": "Broj mobilnog telefona",
		"hu": "Mobil",
		"fi": "K\u00e4nnykk\u00e4",
		"pt-br": "Celular",
		"pt": "Telem\u00f3vel",
		"pl": "Telefon kom\u00f3rkowy (Mobile)",
		"cs": "Mobil",
		"tr": "Cep telefonu numaras\u0131",
		"it": "Cellulare",
		"lt": "Mobiliojo numeris",
		"ja": "\u643a\u5e2f\u96fb\u8a71",
		"zh-tw": "\u624b\u6a5f",
		"et": "Mobiil",
		"he": "\u05e0\u05d9\u05d9\u05d3",
		"ru": "\u041c\u043e\u0431\u0438\u043b\u044c\u043d\u044b\u0439",
		"zh": "\u624b\u673a",
		"sr": "Broj mobilnog telefona",
		"ar": "\u0631\u0642\u0645 \u0627\u0644\u0647\u0627\u062a\u0641 \u0627\u0644\u0633\u064a\u0627\u0631",
		"id": "Handphone",
		"lv": "Mobilais telefons",
		"ro": "Mobil"
	},
	"attribute_preferredlanguage": {
		"no": "Foretrukket spr\u00e5k",
		"nn": "F\u00f8rsteval for spr\u00e5k eller m\u00e5lform",
		"sv": "\u00d6nskv\u00e4rt spr\u00e5k",
		"es": "Idioma preferido",
		"fr": "Langue pr\u00e9f\u00e9r\u00e9e",
		"de": "Bevorzugte Sprache",
		"nl": "Voorkeurstaal",
		"lb": "Lieblingssprooch",
		"sl": "\u017delen jezik",
		"da": "Foretrukket sprog (evt. flere)",
		"se": "Vuostta\u0161v\u00e1lljejuvvon giella dehe giellah\u00e1pmi",
		"hr": "Primarni jezik",
		"hu": "Els\u0151dleges nyelv",
		"fi": "Ensisijainen kieli",
		"pt-br": "Linguagem preferida",
		"pt": "Idioma",
		"pl": "Preferowany j\u0119zyk (Preferred language)",
		"cs": "Preferovan\u00fd jazyk",
		"tr": "Tercih edilen dil",
		"it": "Lingua preferita",
		"lt": "Kalba",
		"ja": "\u8a00\u8a9e",
		"zh-tw": "\u559c\u597d\u8a9e\u8a00",
		"et": "Eelistatud keel",
		"he": "\u05e9\u05e4\u05d4 \u05de\u05d5\u05e2\u05d3\u05e4\u05ea",
		"ru": "\u041f\u0440\u0435\u0434\u043f\u043e\u0447\u0438\u0442\u0430\u0435\u043c\u044b\u0439 \u044f\u0437\u044b\u043a",
		"zh": "\u9996\u9009\u8bed\u8a00",
		"sr": "Preferirani jezik",
		"ar": "\u0627\u0644\u0644\u063a\u0629 \u0627\u0644\u0645\u0641\u0636\u0644\u0629",
		"id": "Pilihan Bahasa",
		"lv": "V\u0113lam\u0101 valoda",
		"ro": "Limba preferat\u0103"
	},
	"attribute_noredupersonnin": {
		"no": "F\u00f8dselsnummer",
		"nn": "F\u00f8dselsnummer",
		"sv": "Officiellt personnummer eller intermimspersonnummer",
		"es": "N\u00famero de la Seguridad Social",
		"fr": "Num\u00e9ro de s\u00e9curit\u00e9 sociale",
		"de": "Norwegische Personenkennziffer",
		"nl": "Burgerservicenummer",
		"lb": "Sozialvers\u00ebcherungsnummer",
		"sl": "Mati\u010dna \u0161tevilka",
		"da": "CPR-nummer",
		"se": "Riegadannummir",
		"hr": "Broj\u010dani identifikator osobe",
		"hu": "T\u00e1rsadalombiztos\u00edt\u00e1si azonos\u00edt\u00f3 sz\u00e1m",
		"fi": "Henkil\u00f6tunnus",
		"pt-br": "N\u00famero de identifica\u00e7\u00e3o atribu\u00eddo pelas autoridades p\u00fablicas",
		"pt": "N\u00famero de Identifica\u00e7\u00e3o atribu\u00eddo por autoridades p\u00fablicas",
		"pl": "Numer to\u017csamo\u015bci wydany przez administracj\u0119 publiczn\u0105",
		"cs": "Identifika\u010dn\u00ed k\u00f3d p\u0159id\u011blen\u00fd ve\u0159ejnou autoritou",
		"tr": "Kamu yetkilileri taraf\u0131ndan belirlenmi\u015f kimlik numaras\u0131",
		"it": "Numero di identit\u00e0 assegnato dall'autorit\u00e0 pubblica",
		"lt": "Valstyb\u0117s institucij\u0173 priskirtas tapatyb\u0117s numeris",
		"ja": "\u516c\u958b\u8a8d\u8a3c\u5c40\u306b\u3088\u3063\u3066\u5272\u308a\u5f53\u3066\u3089\u308c\u305f\u8b58\u5225\u756a\u53f7",
		"zh-tw": "\u8eab\u5206\u8b49\u5b57\u865f",
		"he": "\u05de\u05e1\u05e4\u05e8 \u05de\u05d6\u05d4\u05d4 \u05e9\u05e0\u05d9\u05ea\u05df \u05e2\u05dc \u05d9\u05d3\u05d9 \u05d4\u05e8\u05e9\u05d5\u05d9\u05d5\u05ea \u05d4\u05e6\u05d9\u05d1\u05d5\u05e8\u05d9\u05d5\u05ea",
		"ru": "\u0418\u0434\u0435\u043d\u0442\u0438\u0444\u0438\u043a\u0430\u0446\u0438\u043e\u043d\u043d\u044b\u0439 \u043d\u043e\u043c\u0435\u0440, \u043f\u0440\u0438\u0441\u0432\u0430\u0438\u0432\u0430\u0435\u043c\u044b\u0439 \u043e\u0440\u0433\u0430\u043d\u0430\u043c\u0438 \u0433\u043e\u0441\u0443\u0434\u0430\u0440\u0441\u0442\u0432\u0435\u043d\u043d\u043e\u0439 \u0432\u043b\u0430\u0441\u0442\u0438",
		"et": "Isikukood",
		"zh": "\u8eab\u4efd\u8bc1\u53f7\u7801",
		"sr": "Jedinstveni brojni identifikator osobe",
		"ar": "\u0627\u0644\u0631\u0642\u0645 \u0627\u0644\u062a\u0639\u0631\u064a\u0641\u064a \u0627\u0644\u0645\u0639\u064a\u0646 \u0645\u0646 \u0642\u0628\u0644 \u0627\u0644\u0633\u0644\u0637\u0627\u062a \u0627\u0644\u0639\u0627\u0645\u0629 ",
		"id": "Identity number assigned by public authorities",
		"lv": "Publisko autorit\u0101\u0161u pie\u0161\u0137irtais identit\u0101tes numurs",
		"ro": "Num\u0103r de identitate atribuit de autorit\u0103\u021bi publice"
	},
	"attribute_schachomeorganization": {
		"no": "Unik ID for organisasjon",
		"nn": "Unik ID for organisasjon",
		"sv": "Dom\u00e4nnamn f\u00f6r organisationen",
		"es": "Identificador \u00fanico de la organizaci\u00f3n de origen",
		"fr": "Identifiant unique de l'organisation de rattachement",
		"de": "Domain-Name der Heimorganisation",
		"nl": "Unieke Organisatie ID",
		"lb": "Eendeiteg Heemorganisatiouns ID",
		"sl": "ID doma\u010de organizacije",
		"da": "Hjemmeorganisationens entydige ID (dom\u00e6nenavn)",
		"hr": "Oznaka mati\u010dne ustanove",
		"hu": "Saj\u00e1t int\u00e9zm\u00e9ny domain neve",
		"fi": "Organisaation domain-nimi",
		"pt-br": "Nome de dom\u00ednio da organiza\u00e7\u00e3o principal",
		"pt": "Nome de dom\u00ednio da Organiza\u00e7\u00e3o de origem",
		"pl": "Nazwa organizacji macierzystej",
		"cs": "Jm\u00e9no organizace",
		"tr": "Ana kurulu\u015f alan ad\u0131",
		"it": "Nome del dominio della propria organizzazione",
		"lt": "Organizacijos domenas",
		"ja": "\u7d44\u7e54\u5185\u30c9\u30e1\u30a4\u30f3",
		"zh-tw": "\u9810\u8a2d\u7d44\u7e54 domain name",
		"et": "Koduorganisatsiooni domeen",
		"he": "\u05e9\u05dd \u05d4\u05de\u05ea\u05d7\u05dd \u05e9\u05dc \u05d0\u05d9\u05e8\u05d2\u05d5\u05df \u05d4\u05d1\u05d9\u05ea",
		"ru": "\u0414\u043e\u043c\u0435\u043d\u043d\u043e\u0435 \u0438\u043c\u044f \u0434\u043e\u043c\u0430\u0448\u043d\u0435\u0439 \u043e\u0440\u0433\u0430\u043d\u0438\u0437\u0430\u0446\u0438\u0438",
		"zh": "\u9996\u9875\u7ec4\u7ec7\u7684\u57df\u540d",
		"ar": "\u0627\u0633\u0645 \u0627\u0644\u0646\u0637\u0627\u0642 \u0627\u0644\u0645\u062e\u0635\u0635 \u0644\u0644\u0645\u0646\u0638\u0645\u0629\u0627\u0644\u0627\u0645\\\u0627\u0644\u0645\u0648\u0642\u0639 \u0627\u0644\u0627\u0645 ",
		"id": "Home organization domain name",
		"lv": "Organiz\u0101cijas domeins",
		"sr": "Domen mati\u010dne institucije",
		"ro": "Njumele de domeniu pentru institu\u021bia de origine"
	},
	"attribute_organisationname": {
		"no": "Navn p\u00e5 organisasjon",
		"nn": "Namn p\u00e5 organisasjon",
		"sv": "Namn p\u00e5 organisationen",
		"es": "Nombre de la organizaci\u00f3n",
		"fr": "R\u00f4les pour ce service",
		"de": "Name der Organisation",
		"nl": "Organisatienaam",
		"lb": "Organisatiounsnumm",
		"sl": "Ime organizacije",
		"da": "Hjemmeorganisationens kaldenavn",
		"se": "Organisa\u0161uvdna",
		"hr": "Naziv ustanove",
		"hu": "Szervezet neve",
		"fi": "Organisaation nimi",
		"pt-br": "Nome da Organiza\u00e7\u00e3o",
		"pt": "Nome da Organiza\u00e7\u00e3o",
		"pl": "Nazwa organizacji (Organization name)",
		"cs": "Jm\u00e9no organizace",
		"tr": "Kurulu\u015f ad\u0131",
		"it": "Nome dell'organizzazione",
		"lt": "Organizacijos pavadinimas",
		"ja": "\u7d44\u7e54\u540d",
		"zh-tw": "\u7d44\u7e54\u540d\u7a31",
		"et": "Organisatsiooni nimi",
		"he": "\u05e9\u05dd \u05d0\u05d9\u05e8\u05d2\u05d5\u05df",
		"ru": "\u041d\u0430\u0437\u0432\u0430\u043d\u0438\u0435 \u043e\u0440\u0433\u0430\u043d\u0438\u0437\u0430\u0446\u0438\u0438",
		"zh": "\u7ec4\u7ec7\u540d\u79f0",
		"sr": "Naziv mati\u010dne institucije",
		"ar": "\u0627\u0633\u0645 \u0627\u0644\u0645\u0646\u0638\u0645\u0629\u0627\u0644\u0627\u0645\\\u0627\u0644\u0645\u0648\u0642\u0639 \u0627\u0644\u0627\u0645",
		"id": "Organization name",
		"lv": "Organiz\u0101cijas nosaukums",
		"ro": "Denumirea institu\u021biei"
	},
	"attribute_edupersonentitlement": {
		"no": "Rettighet",
		"nn": "URI som viser til eit sett av rettar til spesifikke ressursar",
		"sv": "Roll(er) i aktuell tj\u00e4nst",
		"es": "Derecho relativo al servicio",
		"fr": "Appartenance \u00e0 un groupe",
		"de": "Berechtigung",
		"nl": "Recht",
		"lb": "Berechtegung",
		"sl": "Upravi\u010denost do storitve",
		"da": "Specifik rolle i forhold til tjenesten",
		"se": "URI mii \u010dilge dihto vuoigatvuo\u0111a dihto ressurssaide",
		"hr": "Pripadnost grupi",
		"hu": "Ezekre a szolg\u00e1ltat\u00e1sokra jogosult",
		"fi": "Organisaationoikeudet",
		"pt-br": "Titularidade sobre o servi\u00e7o",
		"pt": "Direitos oferecidos pela organiza\u00e7\u00e3o de origem",
		"pl": "Uprawnienie dotycz\u0105ce serwisu",
		"cs": "Pr\u00e1vo ke slu\u017eb\u011b",
		"tr": "Servise g\u00f6re yetki",
		"it": "Qualifica rispetto al servizio",
		"lt": "Teis\u0117s susij\u0119 su paslauga",
		"ja": "\u30b5\u30fc\u30d3\u30b9\u306b\u95a2\u3059\u308b\u8cc7\u683c",
		"zh-tw": "\u95dc\u65bc\u670d\u52d9\u7684\u6b0a\u5229",
		"he": "\u05d0\u05d9\u05e9\u05d5\u05e8 \u05d4\u05e7\u05e9\u05d5\u05e8 \u05dc\u05e9\u05d9\u05e8\u05d5\u05ea",
		"ru": "\u041f\u0440\u0430\u0432\u043e \u043d\u0430 \u043f\u0440\u0435\u0434\u043e\u0441\u0442\u0430\u0432\u043b\u0435\u043d\u0438\u0435 \u0443\u0441\u043b\u0443\u0433",
		"et": "Volitused selle teenuse suhtes",
		"zh": "\u5173\u4e8e\u670d\u52a1\u7684\u6743\u5229",
		"sr": "Prava i privilegije korisnika na sistemu",
		"ar": "\u0627\u0633\u062a\u062d\u0642\u0627\u0642\u0627\u062a \u0627\u0644\u062e\u062f\u0645\u0629",
		"lv": "Pilnvaras attiec\u012bb\u0101 uz servisu",
		"id": "Hak mengenai layanan ini",
		"ro": "Drepturi relativ la acest serviciu"
	},
	"attribute_edupersonscopedaffiliation": {
		"no": "Gruppetilh\u00f8righet",
		"nn": "Rolle hos organisasjonen ",
		"sv": "Grupptillh\u00f6righet",
		"es": "Grupo",
		"fr": "R\u00f4les pour ce service",
		"de": "Organisationszugeh\u00f6rigkeit bei der Heimorganisation",
		"nl": "Groep",
		"lb": "Gruppen Zougeh\u00e9iregket",
		"sl": "Vloga v organizaciji",
		"da": "Gruppemedlemskab",
		"se": "Rolla diehto organisa\u0161uvnnas, dehe dihto domenas.",
		"hr": "Povezanost s mati\u010dnom ustanovom",
		"hu": "Saj\u00e1t int\u00e9zm\u00e9nyhez val\u00f3 viszony",
		"fi": "Henkil\u00f6n rooli kotiorganisaatiossa",
		"pt-br": "Filia\u00e7\u00e3o na organiza\u00e7\u00e3o principal",
		"pt": "Afilia\u00e7\u00e3o com a organiza\u00e7\u00e3o de origem (com contexto)",
		"pl": "Przynale\u017cno\u015b\u0107 w macierzystej organizacji",
		"cs": "Vztah k domovks\u00e9 organizaci",
		"tr": "Ba\u011fl\u0131 olunan kurulu\u015fla ba\u011flant\u0131",
		"it": "Affiliazione nella propria organizzazione",
		"lt": "S\u0105saja su organizacija",
		"ja": "\u7d44\u7e54\u5185\u8077\u7a2e",
		"zh-tw": "\u5bb6\u5ead\u9023\u7d61\u5730\u5740",
		"he": "\u05e9\u05d9\u05d9\u05db\u05d5\u05ea \u05d1\u05d0\u05d9\u05e8\u05d2\u05d5\u05df \u05d4\u05d1\u05d9\u05ea",
		"ru": "\u0427\u043b\u0435\u043d\u0441\u0442\u0432\u043e \u0432 \u0434\u043e\u043c\u0430\u0448\u043d\u0435\u0439 \u043e\u0440\u0433\u0430\u043d\u0438\u0437\u0430\u0446\u0438\u0438",
		"et": "Rollid koduorganisatsioonis",
		"zh": "\u5bb6\u5ead\u8054\u7edc\u5730\u5740",
		"sr": "Povezanost sa institucijom sa domenom",
		"ar": "\u0627\u0644\u0648\u0636\u0639 \u0623\u0648 \u0627\u0644\u0648\u0638\u064a\u0641\u0629 \u0628\u0627\u0644\u0645\u0646\u0638\u0645\u0629\u0627\u0644\u0627\u0645\\\u0627\u0644\u0645\u0648\u0642\u0639 \u0627\u0644\u0627\u0645",
		"lv": "Amats organiz\u0101cij\u0101",
		"id": "Afiliasi di organisasi asal",
		"ro": "Afiliere \u00een cadrul institu\u021biei de origine"
	},
	"attribute_edupersontargetedid": {
		"no": "Persistent anonym ID",
		"nn": "Persistent anonym ID",
		"sv": "Varaktig anonym identitet i aktuell tj\u00e4nst",
		"es": "ID an\u00f3nimo persistente",
		"fr": "Identifiant persistant anonyme",
		"de": "Persistente pseudonyme ID",
		"nl": "Persistente anonieme ID",
		"lb": "Persistent anonym ID",
		"sl": "Trajni anonimni ID",
		"da": "Pseudonymt bruger-ID",
		"hr": "Trajni anonimni identifikator",
		"hu": "\u00c1lland\u00f3 anonim azonos\u00edt\u00f3",
		"fi": "Pseudonyymi-identiteetti",
		"pt-br": "Apelido persistente ID",
		"pt": "Identifica\u00e7\u00e3o persistente tipo pseud\u00f3nimo",
		"cs": "Perzistent\u00ed pseudoanonymn\u00ed ID",
		"tr": "Kal\u0131c\u0131 takma ad\u0131 ID",
		"it": "Pseudonimo identificativo persistente",
		"lt": "Nuolatinio pseudonimo ID",
		"ja": "\u6c38\u7d9a\u7684\u533f\u540dID",
		"zh-tw": "\u6301\u7e8c\u7684\u533f\u540d ID",
		"he": "\u05de\u05d6\u05d4\u05d4 \u05de\u05e9\u05ea\u05de\u05e9 \u05d2\u05dc\u05d5\u05d1\u05dc\u05d9",
		"ru": "ID \u043f\u043e\u0441\u0442\u043e\u044f\u043d\u043d\u043e\u0433\u043e \u043f\u0441\u0435\u0432\u0434\u043e\u043d\u0438\u043c\u0430",
		"et": "P\u00fcsiv pseudon\u00fc\u00fcmne ID",
		"zh": "\u6301\u7eed\u7684\u533f\u540dID",
		"sr": "Trajni anonimni identifikator",
		"ar": "\u0627\u0644\u0627\u0633\u0645 \u0627\u0644\u0645\u0633\u062a\u0639\u0627\u0631 ",
		"pl": "Trwa\u0142y anonimowy identyfikator",
		"lv": "Past\u0101v\u012bgs pseidon\u012bma ID",
		"id": "Persistent pseudonymous ID",
		"ro": "ID pseudonim persistent"
	},
	"attribute_edupersonprincipalname": {
		"no": "Personlig ID hos organisasjonen",
		"nn": "Brukarnamn hos din organisasjon",
		"sv": "Anv\u00e4ndaridentitet vid din organisationen",
		"es": "Identificador \u00fanico de la persona en su organizaci\u00f3n de origen",
		"fr": "Nom de l'utilisateur dans l'organisation de rattachement",
		"de": "Pers\u00f6nliche ID bei der Heimorganisation",
		"nl": "Persoons ID bij organisatie",
		"lb": "Haaptnumm bei der Heemorganisatioun",
		"sl": "ID uporabnika na doma\u010di organizaciji",
		"da": "Bruger-ID hos hjemmeorganisationen",
		"se": "Feide-namma",
		"hr": "Korisni\u010dka oznaka",
		"hu": "\u00c1lland\u00f3 azonos\u00edt\u00f3 a saj\u00e1t int\u00e9zm\u00e9nyben",
		"fi": "Henkil\u00f6n universaali nimi",
		"pt-br": "Diretor da organiza\u00e7\u00e3o principal",
		"pt": "Nome de utilizador na organiza\u00e7\u00e3o de origem",
		"cs": "Jm\u00e9no nad\u0159\u00edzen\u00e9ho",
		"tr": "Ki\u015finin ba\u011fl\u0131 oldu\u011fu kurulu\u015ftaki as\u0131l ad\u0131",
		"it": "Nome identificativo (principal name) nella propria organizzazione",
		"lt": "Asmens pagrindinis vardas organizacijoje",
		"ja": "\u6c38\u7d9a\u7684\u5229\u7528\u8005\u540d",
		"zh-tw": "\u5bb6\u5ead\u7684\u500b\u4eba\u4e3b\u8981\u540d\u5b57",
		"he": "\u05d4\u05e9\u05dd \u05d4\u05e2\u05d9\u05e7\u05e8\u05d9 \u05d1\u05d0\u05d9\u05e8\u05d2\u05d5\u05df \u05d4\u05d1\u05d9\u05ea",
		"ru": "\u0418\u043c\u044f \u0440\u0443\u043a\u043e\u0432\u043e\u0434\u0438\u0442\u0435\u043b\u044f \u0432 \u0434\u043e\u043c\u0430\u0448\u043d\u0435\u0439 \u043e\u0440\u0433\u0430\u043d\u0438\u0437\u0430\u0446\u0438\u0438",
		"et": "Isiku p\u00f5hinimi koduasutuses",
		"zh": "\u4eba\u7684\u4e3b\u8981\u5728\u5bb6\u4e2d\u7ec4\u7ec7\u7684\u540d\u79f0",
		"sr": "Jedinstveni identifikator osobe",
		"ar": "\u0623\u0644\u0627\u0633\u0645 \u0628\u0627\u0644\u0645\u0646\u0638\u0645\u0629 \u0627\u0644\u0627\u0645\\\u0627\u0644\u0645\u0648\u0642\u0639 \u0627\u0644\u0627\u0645 ",
		"pl": "G\u0142\u00f3wna nazwa u\u017cytkownika w instytucji macierzystej",
		"lv": "Priek\u0161nieka v\u0101rds",
		"id": "Nama kepala pada organisasi asal",
		"ro": "Numele de identificare a persoanei la institu\u021bia de origine (de forma nume_utilizator@domeniu.ro)"
	},
	"attribute_o": {
		"no": "Navn p\u00e5 organisasjon",
		"nn": "Namn p\u00e5 organisasjon",
		"sv": "Namn p\u00e5 organisationen",
		"es": "Nombre de la organizaci\u00f3n",
		"fr": "R\u00f4les pour ce service",
		"de": "Name der Organisation",
		"nl": "Organisatie naam",
		"lb": "Organisatiounsnumm",
		"sl": "Ime organizacije",
		"da": "Hjemmeorganisationens kaldenavn",
		"hr": "Naziv mati\u010dne ustanove",
		"hu": "Szervezet neve",
		"fi": "Organisaation nimi",
		"pt-br": "Nome da Organiza\u00e7\u00e3o (O)",
		"pt": "Nome da organiza\u00e7\u00e3o",
		"pl": "Nazwa organizacji (Organization name)",
		"cs": "Jm\u00e9no organizace",
		"tr": "Organizasyon ad\u0131",
		"it": "Nome dell'organizzazione",
		"lt": "Organizacijos pavadinimas",
		"ja": "\u6240\u5c5e\u7d44\u7e54",
		"zh-tw": "\u7d44\u7e54\u540d\u7a31",
		"et": "Organisatsiooni nimi",
		"he": "\u05e9\u05dd \u05d0\u05d9\u05e8\u05d2\u05d5\u05df",
		"ru": "\u041d\u0430\u0437\u0432\u0430\u043d\u0438\u0435 \u043e\u0440\u0433\u0430\u043d\u0438\u0437\u0430\u0446\u0438\u0438",
		"zh": "\u7ec4\u7ec7\u540d\u79f0",
		"sr": "Naziv mati\u010dne institucije",
		"ar": "\u0627\u0633\u0645 \u0627\u0644\u0645\u0646\u0638\u0645\u0629",
		"lv": "Organiz\u0101cijas nosaukums",
		"id": "Nama organisasi",
		"ro": "Denumirea institu\u021biei"
	},
	"attribute_dc": {
		"no": "Navneledd (DC)",
		"nn": "Namneledd (DC)",
		"sv": "Dom\u00e4nnamnskomponent",
		"es": "Componente de dominio (DC)",
		"de": "Domain-Komponente",
		"nl": "Domeincomponent",
		"lb": "Domain Komponent",
		"sl": "Domenska komponenta (DC)",
		"da": "Dom\u00e6nekomponent",
		"hr": "Domenska komponenta (DC)",
		"hu": "Domain \u00f6sszetev\u0151 (DC)",
		"fi": "Domain-osio",
		"pt-br": "Componente do Dom\u00ednio (DC)",
		"pt": "Componente de dom\u00ednio",
		"pl": "Sk\u0142adnik nazwy domenowej (DC)",
		"cs": "Dom\u00e9na (DC)",
		"tr": "Alan bile\u015feni",
		"fr": "Fragment de domaine (DC)",
		"it": "Componente di dominio (DC)",
		"lt": "Domeno komponentas",
		"ja": "\u30c9\u30e1\u30a4\u30f3\u540d",
		"zh-tw": "Domain component (DC)",
		"et": "Domeeni komponent (DC)",
		"he": "\u05de\u05e8\u05db\u05d9\u05d1 \u05de\u05ea\u05d7\u05dd (DC)",
		"ru": "\u041a\u043e\u043c\u043f\u043e\u043d\u0435\u043d\u0442 \u0434\u043e\u043c\u0435\u043d\u0430",
		"zh": "Opened the web browser with tabs saved from the previous session.\u57df\u7ec4\u4ef6\uff08DC\uff09",
		"sr": "Domenska komponenta (DC)",
		"ar": "\u0645\u0643\u0648\u0646\u0627\u062a \u0627\u0644\u0646\u0637\u0627\u0642",
		"lv": "Dom\u0113ns (DC)",
		"id": "Domain component(DC)",
		"ro": "Componenta de domeniu (DC)"
	},
	"attribute_displayname": {
		"no": "Navn som normalt vises",
		"nn": "Namn slik det normalt blir vist fram",
		"sv": "Visningsnamn",
		"es": "Nombre para mostrar",
		"de": "Anzeigename",
		"nl": "Weergavenaam",
		"lb": "Ugewisenen Numm",
		"sl": "Prikazno ime",
		"da": "Visningsnavn",
		"hr": "Mre\u017eno ime",
		"hu": "Megjelen\u00edthet\u0151 n\u00e9v",
		"fi": "N\u00e4ytt\u00f6nimi",
		"pt-br": "Nome a ser mostrado",
		"pt": "Nome de apresenta\u00e7\u00e3o",
		"pl": "Nazwa wy\u015bwietlana (Display name)",
		"cs": "Jm\u00e9no k zobrazen\u00ed",
		"tr": "G\u00f6r\u00fcnt\u00fclenen isim",
		"fr": "Nom pour affichage",
		"it": "Nome da visualizzare",
		"lt": "Rodomas vardas",
		"ja": "\u8868\u793a\u540d",
		"zh-tw": "\u986f\u793a\u540d\u7a31",
		"et": "Kuvatav nimi",
		"he": "\u05d4\u05e8\u05d0\u05d4 \u05e9\u05dd",
		"ru": "\u041e\u0442\u043e\u0431\u0440\u0430\u0436\u0430\u0435\u043c\u043e\u0435 \u0438\u043c\u044f",
		"zh": "\u663e\u793a\u540d\u79f0",
		"ar": "\u0627\u0644\u0627\u0633\u0645 \u0627\u0644\u0645\u0633\u062a\u062e\u062f\u0645 ",
		"lv": "Par\u0101d\u0101mais v\u0101rds",
		"id": "Nama yang ditampilkan",
		"sr": "Ime za prikaz",
		"ro": "Nume afi\u0219at"
	},
	"attribute_facsimiletelephonenumber": {
		"no": "Faksnummer",
		"nn": "Faksnummer",
		"sv": "Faxnummer",
		"es": "N\u00famero de fax",
		"de": "Faxnummer",
		"nl": "Faxnummer",
		"lb": "Fax Nummer",
		"sl": "Fax",
		"da": "Faxnummer",
		"hr": "Broj telefaksa",
		"hu": "Fax",
		"fi": "Faksinumero",
		"pt-br": "N\u00famero do Fax",
		"pt": "N\u00famero de Fax",
		"pl": "Numer Faksu (Fax number)",
		"cs": "Fax",
		"tr": "Faks numaras\u0131",
		"fr": "Num\u00e9ro de fax",
		"it": "Numero di fax",
		"lt": "Fakso numeris",
		"ja": "Fax\u756a\u53f7",
		"zh-tw": "\u50b3\u771f",
		"et": "Faksinumber",
		"he": "\u05de\u05e1' \u05e4\u05e7\u05e1",
		"ru": "\u041d\u043e\u043c\u0435\u0440 \u0444\u0430\u043a\u0441\u0430",
		"zh": "\u4f20\u771f\u53f7\u7801",
		"sr": "Fax broj",
		"ar": "\u0631\u0642\u0645 \u0627\u0644\u0641\u0627\u0643\u0633",
		"lv": "Fakss",
		"id": "No Fax",
		"ro": "Num\u0103r de fax"
	},
	"attribute_homephone": {
		"no": "Hjemmetelefon",
		"nn": "Heimetelefon",
		"sv": "Hemtelefon",
		"es": "Tel\u00e9fono de su domicilio",
		"de": "Private Telefonnummer",
		"nl": "Thuistelefoon",
		"lb": "Haustelefon",
		"sl": "Doma\u010da telefonska \u0161tevilka",
		"da": "Telefonnummer (privat)",
		"hr": "Ku\u0107ni telefonski broj",
		"hu": "Otthoni telefon",
		"fi": "Kotipuhelin",
		"pt-br": "Telefone fixo",
		"pt": "Telefone de resid\u00eancia",
		"pl": "Telefon domowy (Home telephone)",
		"cs": "Telefon dom\u016f",
		"tr": "Ev telefonu",
		"fr": "T\u00e9l\u00e9phone personnel",
		"it": "Telefono",
		"lt": "Nam\u0173 telefo nr.",
		"ja": "\u96fb\u8a71\u756a\u53f7",
		"zh-tw": "\u4f4f\u5bb6\u96fb\u8a71",
		"et": "Kodune telefon",
		"he": "\u05d8\u05dc\u05e4\u05d5\u05df \u05d1\u05d1\u05d9\u05ea",
		"ru": "\u0414\u043e\u043c\u0430\u0448\u043d\u0438\u0439 \u0442\u0435\u043b\u0435\u0444\u043e\u043d",
		"zh": "\u5bb6\u5ead\u7535\u8bdd",
		"sr": "Ku\u0107ni telefonski broj",
		"ar": "\u0631\u0642\u0645 \u0627\u0644\u0647\u0627\u062a\u0641 \u0627\u0644\u0645\u0646\u0632\u0644\u064a",
		"lv": "Telefons",
		"id": "Telepon rumah",
		"ro": "Telefon acas\u0103"
	},
	"attribute_homepostaladdress": {
		"no": "Postadresse hjemme",
		"nn": "Postadresse heime",
		"sv": "Hemadress",
		"es": "Direcci\u00f3n de su domicilio",
		"de": "Privatanschrift",
		"nl": "Werkadres",
		"lb": "Adress",
		"sl": "Doma\u010di naslov",
		"da": "Privatadresse",
		"hr": "Ku\u0107na po\u0161tanska adresa",
		"hu": "Otthoni levelez\u00e9si c\u00edm",
		"fi": "Kodin postiosoite",
		"pt-br": "Endere\u00e7o residencial",
		"pt": "Morada de redid\u00eancia",
		"pl": "Domowy address pocztowy",
		"cs": "Adresa dom\u016f",
		"tr": "Ev posta adresi",
		"fr": "Adresse postale personnelle",
		"it": "Indirizzo postale",
		"lt": "Nam\u0173 adresas",
		"ja": "\u4f4f\u6240",
		"zh-tw": "\u4f4f\u5bb6\u5730\u5740",
		"et": "Kodune postiaadress",
		"he": "\u05db\u05ea\u05d5\u05d1\u05ea \u05d3\u05d5\u05d0\u05e8 \u05d1\u05d1\u05d9\u05ea",
		"ru": "\u0414\u043e\u043c\u0430\u0448\u043d\u0438\u0439 \u043f\u043e\u0447\u0442\u043e\u0432\u044b\u0439 \u0430\u0434\u0440\u0435\u0441",
		"zh": "\u5bb6\u5ead\u90ae\u653f\u5730\u5740",
		"sr": "Ku\u0107na po\u0161tanska adresa",
		"ar": "\u0627\u0644\u0639\u0646\u0648\u0627\u0646 \u0627\u0644\u0628\u0631\u064a\u062f\u064a",
		"lv": "Pasta adrese",
		"id": "Alamat pos rumah",
		"ro": "Adresa po\u0219tal\u0103 de acas\u0103"
	},
	"attribute_jpegphoto": {
		"no": "JPEG-foto",
		"nn": "Foto p\u00e5 JPEG-format",
		"sv": "JPEG-bild",
		"es": "Fotograf\u00eda en JPEG",
		"de": "JPEG Foto",
		"nl": "JPEG-foto",
		"lb": "Photo am JPEG Format",
		"sl": "JPEG Slika",
		"da": "JPEG-foto",
		"hr": "Slika u JPEG formatu",
		"hu": "Fot\u00f3 JPEG form\u00e1tumban",
		"fi": "JPEG kuva",
		"pt-br": "Foto JPEG",
		"pt": "Foto JPEG",
		"pl": "Fotografia JPEG",
		"cs": "Foto JPEG",
		"tr": "JPEG foto\u011fraf",
		"fr": "Photo JPEG",
		"it": "Foto JPEG",
		"lt": "JPEG nuotrauka",
		"ja": "JPEG\u5199\u771f",
		"zh-tw": "JPEG \u5716\u7247",
		"et": "JPEG-foto",
		"he": "\u05ea\u05de\u05d5\u05e0\u05d4",
		"ru": "\u0424\u043e\u0442\u043e\u0433\u0440\u0430\u0444\u0438\u044f \u0432 \u0444\u043e\u0440\u043c\u0430\u0442\u0435 JPEG",
		"zh": "JPEG\u56fe\u7247",
		"sr": "Slika osobe",
		"ar": "\u0635\u0648\u0631\u0629 (JPEG)",
		"lv": "JPEG fotogr\u0101fija",
		"id": "Foto JPEG",
		"ro": "Fotografie JPEG"
	},
	"attribute_l": {
		"no": "Sted",
		"nn": "Stad",
		"sv": "Plats",
		"es": "Localidad",
		"de": "Ort",
		"nl": "Plaats",
		"lb": "Uertschaft",
		"sl": "Kraj",
		"da": "Sted",
		"hr": "Mjesto (lokalitet)",
		"hu": "Telep\u00fcl\u00e9s",
		"fi": "Paikkakunta",
		"pt-br": "Localidade",
		"pt": "Localidade",
		"pl": "Locality",
		"cs": "Lokalita",
		"tr": "B\u00f6lge",
		"fr": "Lieu",
		"it": "Localit\u00e0",
		"lt": "Vietov\u0117",
		"ja": "\u5730\u57df",
		"zh-tw": "\u4f4d\u7f6e",
		"he": "\u05d0\u05d9\u05d6\u05d5\u05e8",
		"ru": "\u0420\u0430\u0439\u043e\u043d",
		"et": "Asukoht",
		"zh": "\u4f4d\u7f6e",
		"sr": "Lokacija(Mesto)",
		"ar": "\u0627\u0644\u0645\u062d\u0644\u064a\u0629",
		"lv": "Atra\u0161an\u0101s vieta",
		"id": "Lokalitas",
		"ro": "Localitate"
	},
	"attribute_labeleduri": {
		"no": "URI med valgfri tilleggskommentar",
		"nn": "URI med valfri tilleggskommentar",
		"sv": "Hemsida",
		"es": "URI etiquetado",
		"de": "URI mit zus\u00e4tzlicher Kennzeichnung",
		"nl": "URI",
		"lb": "Beschr\u00ebfteten URI",
		"sl": "Ozna\u010den URI",
		"da": "Labeled URI",
		"hr": "URI adresa",
		"hu": "Honlap c\u00edm",
		"fi": "Kotisivu",
		"pt-br": "URI rotulado",
		"pt": "P\u00e1gina web",
		"pl": "Labeled URI",
		"cs": "URI",
		"tr": "Etiketlenen URI",
		"fr": "URI",
		"it": "Etichetta URI",
		"lt": "\u017dym\u0117tasis URI",
		"ja": "URI",
		"zh-tw": "\u6a19\u7c64\u7db2\u5740",
		"he": "\u05e1\u05d9\u05d5\u05d5\u05d2 URI",
		"ru": "\u041c\u0430\u0440\u043a\u0438\u0440\u043e\u0432\u0430\u043d\u043d\u044b\u0439 URI (LabeledURI)",
		"et": "Sildistatud URI",
		"zh": "\u6807\u7b7eURI",
		"sr": "URI adresa",
		"ar": "URI \u0623\u0633\u0645 ",
		"lv": "URI nosaukums",
		"id": "Berlabel URL",
		"ro": "URI etichetat"
	},
	"attribute_ou": {
		"no": "Organisasjonsenhet",
		"nn": "Organisasjonseining",
		"sv": "Organisationsenhet",
		"es": "Unidad organizativa",
		"de": "Organisationseinheit",
		"nl": "Afdeling",
		"lb": "Organisatiounseenheet",
		"sl": "Oddelek",
		"da": "Organisatorisk enhed",
		"hr": "Organizacijska jedinica",
		"hu": "Szervezeti egys\u00e9g",
		"fi": "Organisaation yksikk\u00f6",
		"pt-br": "Unidade Organizacional (OU)",
		"pt": "Unidade organizacional",
		"pl": "Jednostka organizacyjna (Organizational unit)",
		"cs": "Organiza\u010dn\u00ed jednotka",
		"tr": "Organizasyonel birim",
		"fr": "Section",
		"it": "Unit\u00e0 organizzativa",
		"lt": "Organizacijos skyrius",
		"ja": "\u7d44\u7e54\u5358\u4f4d",
		"zh-tw": "\u7d44\u7e54\u55ae\u4f4d",
		"et": "All\u00fcksus",
		"he": "\u05d9\u05d7\u05d9\u05d3\u05d4 \u05d1\u05d0\u05e8\u05d2\u05d5\u05df",
		"ru": "\u041f\u043e\u0434\u0440\u0430\u0437\u0434\u0435\u043b\u0435\u043d\u0438\u0435 \u043e\u0440\u0433\u0430\u043d\u0438\u0437\u0430\u0446\u0438\u0438",
		"zh": "\u7ec4\u7ec7\u5355\u4f4d",
		"sr": "Organizaciona jedinica",
		"ar": "\u0627\u0644\u0648\u062d\u062f\u0629",
		"lv": "Organiz\u0101cijas vien\u012bba",
		"id": "Organizational unit",
		"ro": "Unitate organiza\u021bional\u0103"
	},
	"attribute_postaladdress": {
		"no": "Postadresse",
		"nn": "Postadresse",
		"sv": "Postadress",
		"es": "Direcci\u00f3n postal",
		"de": "Anschrift",
		"nl": "Adres",
		"lb": "Adress",
		"sl": "Po\u0161tni naslov",
		"da": "Adresse",
		"hr": "Po\u0161tanska adresa",
		"hu": "Levelez\u00e9si c\u00edm",
		"fi": "Postiosoite",
		"pt-br": "Endere\u00e7o",
		"pt": "Morada",
		"pl": "Adres pocztowy (Postal address)",
		"cs": "Po\u0161tovn\u00ed adresa",
		"tr": "Posta adresi",
		"fr": "Adresse postale",
		"it": "Indirizzo postale",
		"lt": "Adresas",
		"ja": "\u4f4f\u6240",
		"zh-tw": "\u90f5\u5bc4\u5730\u5740",
		"et": "Postiaadress",
		"he": "\u05db\u05ea\u05d5\u05d1\u05ea \u05d3\u05d5\u05d0\u05e8",
		"ru": "\u041f\u043e\u0447\u0442\u043e\u0432\u044b\u0439 \u0430\u0434\u0440\u0435\u0441",
		"zh": "\u90ae\u653f\u5730\u5740",
		"sr": "Po\u0161tanska adresa",
		"ar": "\u0627\u0644\u0639\u0646\u0648\u0627\u0646 \u0627\u0644\u0628\u0631\u064a\u062f\u064a \u0644\u0644\u0645\u0646\u0638\u0645\u0629",
		"lv": "Pasta adrese",
		"id": "Alamat pos",
		"ro": "Adresa po\u0219tal\u0103"
	},
	"attribute_postalcode": {
		"no": "Postnummer",
		"nn": "Postnummer",
		"sv": "Postkod",
		"es": "C\u00f3digo postal",
		"de": "Postleitzahl",
		"nl": "Postcode",
		"lb": "Postleitzuel",
		"sl": "Po\u0161tna \u0161tevilka",
		"da": "Postnummer",
		"hr": "Broj po\u0161te",
		"hu": "Ir\u00e1ny\u00edt\u00f3sz\u00e1m",
		"fi": "Postinumero",
		"pt-br": "CEP",
		"pt": "C\u00f3digo Postal",
		"pl": "Kod pocztowy",
		"cs": "Po\u0161tovn\u00ed k\u00f3d PS\u010c",
		"tr": "Posta kodu",
		"fr": "Code postal",
		"it": "CAP",
		"lt": "Pa\u0161to kodas",
		"ja": "\u90f5\u4fbf\u756a\u53f7",
		"zh-tw": "\u90f5\u905e\u5340\u865f",
		"et": "Postiindeks",
		"he": "\u05de\u05d9\u05e7\u05d5\u05d3",
		"ru": "\u041f\u043e\u0447\u0442\u043e\u0432\u044b\u0439 \u0438\u043d\u0434\u0435\u043a\u0441",
		"zh": "\u90ae\u653f\u7f16\u7801",
		"sr": "Po\u0161tanski broj",
		"ar": "\u0627\u0644\u0631\u0645\u0632 \u0627\u0644\u0628\u0631\u064a\u062f\u064a",
		"lv": "Pasta kods",
		"id": "Kode pos",
		"ro": "Cod po\u0219tal"
	},
	"attribute_postofficebox": {
		"no": "Postboks",
		"nn": "Postboks",
		"sv": "Box",
		"es": "C\u00f3digo postal",
		"de": "Postfach",
		"nl": "Postbus",
		"lb": "Postschl\u00e9issfach",
		"sl": "Po\u0161tni predal",
		"da": "Postbox",
		"hr": "Broj po\u0161tanskog pretinca",
		"hu": "Postafi\u00f3k",
		"fi": "Postilokero",
		"pt-br": "Caixa Postal",
		"pt": "Apartado",
		"pl": "Skrzynka pocztowa (Post office box)",
		"cs": "Postbox",
		"tr": "Posta kutusu",
		"fr": "Boite postale",
		"it": "Casella postale",
		"lt": "Pa\u0161to d\u0117\u017eut\u0117s nr.",
		"ja": "\u30aa\u30d5\u30a3\u30b9\u30dc\u30c3\u30af\u30b9\u30dd\u30b9\u30c8",
		"zh-tw": "\u90f5\u653f\u4fe1\u7bb1",
		"et": "Postkast",
		"he": "\u05ea\u05d0 \u05d3\u05d5\u05d0\u05e8",
		"ru": "\u0410\u0431\u043e\u043d\u0435\u043c\u0435\u043d\u0442\u043d\u044b\u0439 \u043f\u043e\u0447\u0442\u043e\u0432\u044b\u0439 \u044f\u0449\u0438\u043a",
		"zh": "\u90ae\u653f\u4fe1\u7bb1",
		"sr": "Broj po\u0161tanskog sandu\u010deta",
		"ar": "\u0627\u0644\u0635\u0646\u062f\u0648\u0642 \u0627\u0644\u0628\u0631\u064a\u062f\u064a",
		"lv": "Pasta kaste",
		"id": "PO Box",
		"ro": "Cutie po\u0219tal\u0103"
	},
	"attribute_street": {
		"no": "Gate",
		"nn": "Gateadresse",
		"sv": "Gata",
		"es": "Calle",
		"de": "Stra\u00dfe",
		"nl": "Straat",
		"lb": "Strooss",
		"sl": "Ulica",
		"da": "Gade",
		"hr": "Ulica",
		"hu": "Utca",
		"fi": "Katu",
		"pt-br": "Rua",
		"pt": "Rua",
		"pl": "Ulica (Street)",
		"cs": "Ulice",
		"tr": "Sokak",
		"fr": "Rue",
		"it": "Via",
		"lt": "Gatv\u0117",
		"ja": "\u756a\u5730",
		"zh-tw": "\u8857",
		"et": "T\u00e4nav",
		"he": "\u05e8\u05d7\u05d5\u05d1",
		"ru": "\u0423\u043b\u0438\u0446\u0430",
		"zh": "\u8857\u9053",
		"sr": "Ulica i broj",
		"ar": "\u0627\u0644\u0634\u0627\u0631\u0639",
		"lv": "Iela",
		"id": "Jalan",
		"ro": "Strada"
	},
	"attribute_telephonenumber": {
		"no": "Telefon",
		"nn": "Telefon",
		"sv": "Telefonnummer",
		"es": "N\u00famero de tel\u00e9fono",
		"de": "Telefonnummer",
		"nl": "Telefoonnummer",
		"lb": "Telefonsnummer",
		"sl": "Telefonska \u0161tevilka",
		"da": "Telefonnummer",
		"hr": "Broj telefona",
		"hu": "Telefonsz\u00e1m",
		"fi": "Puhelinnumero",
		"pt-br": "N\u00famero de Telefone",
		"pt": "Telefone",
		"pl": "Numer telefonu (Telephone number)",
		"cs": "Telefon",
		"tr": "Telefon numaras\u0131",
		"fr": "Num\u00e9ro de t\u00e9l\u00e9phone",
		"it": "Numero di telefono",
		"lt": "Telefono nr.",
		"ja": "\u96fb\u8a71\u756a\u53f7",
		"zh-tw": "\u96fb\u8a71\u865f\u78bc",
		"et": "Telefoninumber",
		"he": "\u05de\u05e1\u05e4\u05e8 \u05d8\u05dc\u05e4\u05d5\u05df",
		"ru": "\u041d\u043e\u043c\u0435\u0440 \u0442\u0435\u043b\u0435\u0444\u043e\u043d\u0430",
		"zh": "\u7535\u8bdd\u53f7\u7801",
		"sr": "Telefonski broj",
		"ar": "\u0631\u0642\u0645 \u0627\u0644\u0647\u0627\u062a\u0641",
		"lv": "Telefons",
		"id": "No Telepon",
		"ro": "Num\u0103r de telefon"
	},
	"attribute_eduorghomepageuri": {
		"no": "Organisasjonens hjemmeside",
		"nn": "Organisasjonen si heimeside (URL)",
		"sv": "Organisationens hemsida",
		"es": "P\u00e1gina de su organizaci\u00f3n",
		"de": "Homepage der Organisation",
		"nl": "Organisatie homepage",
		"lb": "Organisatiouns Websait",
		"sl": "Spletna stran organizacije",
		"da": "Hjemmeside",
		"hr": "Web stranice ustanove",
		"hu": "Szervezet weboldala",
		"fi": "Organisaation kotisivu",
		"pt-br": "Site da organiza\u00e7\u00e3o",
		"pt": "P\u00e1gina web da organiza\u00e7\u00e3o de origem",
		"pl": "Strona domowa organizacji",
		"cs": "URL organizace",
		"tr": "Kurumsal websayfas\u0131",
		"fr": "Site web institutionnel",
		"it": "Homepage della propria organizzazione",
		"lt": "Organizacijos svetain\u0117",
		"ja": "\u7d44\u7e54\u306e\u30db\u30fc\u30e0\u30da\u30fc\u30b8",
		"zh-tw": "\u7d44\u7e54\u9996\u9801",
		"et": "Organisatsiooni koduleht",
		"he": "\u05d3\u05e3-\u05d1\u05d9\u05ea \u05e9\u05dc \u05d4\u05d0\u05d9\u05e8\u05d2\u05d5\u05df",
		"ru": "\u0414\u043e\u043c\u0430\u0448\u043d\u044f\u044f \u0441\u0442\u0440\u0430\u043d\u0438\u0446\u0430 \u043e\u0440\u0433\u0430\u043d\u0438\u0437\u0430\u0446\u0438\u0438",
		"zh": "\u7ec4\u7ec7\u7684\u9996\u9875",
		"sr": "URL adresa institucije",
		"ar": " \u0639\u0646\u0648\u0627\u0646 \u0627\u0644\u0635\u0641\u062d\u0629 \u0627\u0644\u0627\u0644\u0643\u062a\u0631\u0648\u0646\u064a\u0629 \u0644\u0644\u0645\u0646\u0638\u0645\u0629",
		"lv": "Organiz\u0101cijas m\u0101jas lapa",
		"id": "Homepage organisasi",
		"ro": "Pagina web a institutu\u021biei"
	},
	"attribute_eduorglegalname": {
		"no": "Foretaksnavn",
		"nn": "Formelt namn p\u00e5 organisasjonen",
		"sv": "Organisationens legala namn",
		"es": "Nombre legal de su organizaci\u00f3n",
		"de": "Name der K\u00f6rperschaft",
		"nl": "Organisatie naam",
		"lb": "Numm vun der Organisatioun",
		"sl": "Naziv organizacije",
		"da": "Organisationens officielle navn",
		"hr": "Slu\u017ebeni naziv ustanove",
		"hu": "Szervezet hivatalos neve",
		"fi": "Organisaation virallinen nimi",
		"pt-br": "Nome legal da Organiza\u00e7\u00e3o",
		"pt": "Nome legal da organiza\u00e7\u00e3o de origem",
		"pl": "Zarejestrowana nazwa organizacji",
		"cs": "Pln\u00e9 jm\u00e9no organizace",
		"tr": "Organizasyonu'un resmi ad\u0131",
		"fr": "Nom l\u00e9gal de l'institution",
		"it": "Nome legale della propria organizzazione",
		"lt": "Organizacijos juridinis pavadinimas",
		"ja": "\u7d44\u7e54\u306e\u6b63\u5f0f\u540d\u79f0",
		"zh-tw": "\u7d44\u7e54\u6b63\u5f0f\u540d\u7a31",
		"et": "Organisatsiooni ametlik nimetus",
		"he": "\u05d4\u05e9\u05dd \u05d4\u05e8\u05e9\u05de\u05d9 \u05e9\u05dc \u05d4\u05d0\u05d9\u05e8\u05d2\u05d5\u05df",
		"ru": "\u042e\u0440\u0438\u0434\u0438\u0447\u0435\u0441\u043a\u043e\u0435 \u043d\u0430\u0437\u0432\u0430\u043d\u0438\u0435 \u043e\u0440\u0433\u0430\u043d\u0438\u0437\u0430\u0446\u0438\u0438",
		"zh": "\u7ec4\u7ec7\u7684\u6cd5\u5b9a\u540d\u79f0",
		"sr": "Zvani\u010dni naziv institucije",
		"ar": "\u0627\u0644\u0627\u0633\u0645 \u0627\u0644\u0642\u0627\u0646\u0648\u0646\u064a \u0644\u0644\u0645\u0646\u0638\u0645\u0629",
		"lv": "Organiz\u0101cijas juridiskais nosaukums",
		"id": "Nama legal Organisasi",
		"ro": "Denumirea legal\u0103 a institu\u021biei"
	},
	"attribute_edupersonnickname": {
		"no": "Kallenavn",
		"nn": "Kallenamn",
		"sv": "Smeknamn",
		"es": "Alias",
		"de": "Spitzname",
		"nl": "Bijnaam",
		"lb": "Sp\u00ebtznumm",
		"sl": "Vzdevek",
		"da": "Kaldenavn",
		"hr": "Nadimak",
		"hu": "Becen\u00e9v",
		"fi": "Kutsumanimi",
		"pt-br": "Apelido",
		"pt": "Alcunha",
		"pl": "Ksywka (Nickname)",
		"cs": "P\u0159ezd\u00edvka",
		"tr": "Takma ad",
		"fr": "Pseudonyme",
		"it": "Soprannome (nick)",
		"lt": "Slapyvardis",
		"ja": "\u30cb\u30c3\u30af\u30cd\u30fc\u30e0",
		"zh-tw": "\u66b1\u7a31",
		"et": "H\u00fc\u00fcdnimi",
		"he": "\u05db\u05d9\u05e0\u05d5\u05d9",
		"ru": "\u041f\u0441\u0435\u0432\u0434\u043e\u043d\u0438\u043c",
		"zh": "\u6635\u79f0",
		"sr": "Nadimak",
		"ar": "\u0627\u0644\u0643\u0646\u064a\u0629",
		"lv": "Niks",
		"id": "Nama panggilan",
		"ro": "Porecl\u0103"
	},
	"attribute_edupersonorgdn": {
		"no": "Entydig navn (DN) for brukerens vertsorganisasjon",
		"nn": "Eintydig namn (DN) til heimeorganisasjon for brukaren",
		"sv": "LDAP-pekare (DN) till personens organisation",
		"es": "DN de su organizaci\u00f3n origen",
		"de": "Distinguished name (DN) der Organisation",
		"nl": "Distinguished name (DN) van de organisatie van de persoon",
		"lb": "Distinguished name (DN) of person's home organization",
		"sl": "Ime doma\u010de organizacije (DN)",
		"da": "Din hjemmeorganisations 'distinguished name' (DN)",
		"hr": "Jedinstveni naziv (DN) korisnikove mati\u010dne ustanove",
		"hu": "A felhaszn\u00e1l\u00f3 munkahely\u00e9nek azonos\u00edt\u00f3 neve (DN-je)",
		"fi": "DN-osio organisaation nimest\u00e4",
		"pt-br": "Nome distinto (DN) da sua organiza\u00e7\u00e3o principal",
		"pt": "DN da organiza\u00e7\u00e3o de origem",
		"pl": "Distinguished name (DN) macierzystej organizacji osoby",
		"cs": "U\u017eivatelsk\u00e9 jm\u00e9no p\u0159id\u011blen\u00e9 organizac\u00ed",
		"tr": "Ki\u015finin ba\u011fl\u0131 oldu\u011fu kurulu\u015fun belirgin ad\u0131",
		"fr": "Nom unique (DN) de l'institution d'origine",
		"it": "Distinguished name (DN) dell'organizzazione ",
		"lt": "Asmens organizacijos atpa\u017einimo vardas",
		"ja": "\u7d44\u7e54\u8b58\u5225\u540d",
		"zh-tw": "Distinguished name (DN) \u500b\u4eba\u9810\u8a2d\u7d44\u7e54",
		"he": "\u05e9\u05dd \u05de\u05d6\u05d4\u05d4 (DN) \u05e9\u05dc \u05d0\u05d9\u05e8\u05d2\u05d5\u05df \u05d4\u05d1\u05d9\u05ea",
		"ru": "\u041e\u0442\u043b\u0438\u0447\u0438\u0442\u0435\u043b\u044c\u043d\u043e\u0435 \u0438\u043c\u044f (DN) \u0447\u0435\u043b\u043e\u0432\u0435\u043a\u0430 \u0434\u043e\u043c\u0430\u0448\u043d\u0435\u0439 \u043e\u0440\u0433\u0430\u043d\u0438\u0437\u0430\u0446\u0438\u0438",
		"zh": "\u4eba\u7684\u5bb6\u5ead\u7ec4\u7ec7\u7684\u5206\u8fa8\u540d\u79f0\uff08DN\uff09",
		"sr": "Jedinstveni naziv (DN) korisnikove mati\u010dne institucije",
		"ar": "\u0627\u0644\u0627\u0633\u0645 \u0627\u0644\u0645\u0645\u064a\u0632 \u0644\u0644\u0645\u0646\u0638\u0645\u0629 \u0631\u0628 \u0627\u0644\u0639\u0645\u0644",
		"et": "Koduorganisatsiooni unikaalne nimi (DN)",
		"lv": "Organiz\u0101cijas v\u0101rds (DN)",
		"id": "Distinguished name (DN) of person's home organization",
		"ro": "Nume distincitv (DN) al institu\u021bie de origine a persoanei"
	},
	"attribute_edupersonorgunitdn": {
		"no": "Entydig navn (DN) for brukerens organisasjonsenhet",
		"nn": "Eintydig namn (DN) til organisasjonseining for brukaren",
		"sv": "LDAP-pekare (DN) till personens organisationsenhet",
		"es": "DN de la Unidad Organizativa (OU) de su organizaci\u00f3n origen",
		"de": "Distinguished name (DN) der Organisationseinheit",
		"nl": "Distinguished name (DN) van de afdeling van de persoon",
		"lb": "Distinguished name (DN) of the person's home organizational unit",
		"sl": "Ime oddelka doma\u010de organizacije (DN)",
		"da": "Din organisatoriske enheds 'distinguished name' (DN)",
		"hr": "Jedinstveni naziv (DN) korisnikove organizacijske jedinice",
		"hu": "A felhaszn\u00e1l\u00f3 szervezeti egys\u00e9g azonos\u00edt\u00f3 neve (DN-je)",
		"fi": "DN-osio organisaatioyksik\u00f6n nimest\u00e4",
		"pt-br": "Nome distinto (DN) da sua unidade organizacional principal",
		"pt": "DN da unidade org\u00e2nica na organiza\u00e7\u00e3o de origem",
		"pl": "Distinguished name (DN) macierzystej jednostki organizacyjnej osoby",
		"cs": "U\u017eivatelsk\u00e9 jm\u00e9no p\u0159id\u011blen\u00e9 organiza\u010dn\u00ed jednotkou",
		"tr": "Ki\u015finin ba\u011fl\u0131 oldu\u011fu birimin belirgin ad\u0131",
		"fr": "Nom unique (DN) de la section d'origine",
		"it": "Distinguished name (DN) dell'unit\u00e0 organizzativa della persona",
		"lt": "Asmens organizacijos skyriaus atpa\u017einimo vardas",
		"ja": "\u7d44\u7e54\u5358\u4f4d\u8b58\u5225\u540d",
		"zh-tw": "Distinguished name (DN) \u500b\u4eba\u9810\u8a2d\u7d44\u7e54\u55ae\u4f4d",
		"he": "\u05e9\u05dd \u05de\u05d6\u05d4\u05d4 (DN) \u05e9\u05dc \u05d4\u05d9\u05d7\u05d9\u05d3\u05d4 \u05d1\u05d0\u05d9\u05e8\u05d2\u05d5\u05df \u05d4\u05d1\u05d9\u05ea",
		"ru": "\u041e\u0442\u043b\u0438\u0447\u0438\u0442\u0435\u043b\u044c\u043d\u043e\u0435 \u0438\u043c\u044f (DN) \u0447\u0435\u043b\u043e\u0432\u0435\u043a\u0430 \u043f\u043e\u0434\u0440\u0430\u0437\u0434\u0435\u043b\u0435\u043d\u0438\u044f \u0434\u043e\u043c\u0430\u0448\u043d\u0435\u0439 \u043e\u0440\u0433\u0430\u043d\u0438\u0437\u0430\u0446\u0438\u0438",
		"zh": "\u4eba\u7684\u5bb6\u7ec4\u7ec7\u5355\u4f4d\u7684\u8fa8\u522b\u540d\u79f0\uff08DN\uff09",
		"sr": "Jedinstveni naziv (DN) korisnikove organizacione jedinice",
		"ar": "\u0627\u0644\u0627\u0633\u0645 \u0627\u0644\u0645\u0645\u064a\u0632 \u0644\u0644\u0648\u062d\u062f\u0629 \u0628\u0627\u0644\u0645\u0646\u0638\u0645\u0629 \u0631\u0628 \u0627\u0644\u0639\u0645\u0644",
		"et": "Koduorganisatsiooni all\u00fcksuse unikaalne nimi (DN)",
		"lv": "Organiz\u0101cijas vien\u012bbas v\u0101rds (DN)",
		"id": "Distinguished name (DN) of the person's home organizational unit",
		"ro": "Nume distincitv (DN) al unit\u0103\u021bii organiza\u021bionale de origine a persoanei"
	},
	"attribute_edupersonprimaryaffiliation": {
		"no": "Prim\u00e6r tilknytning til organisasjon",
		"nn": "Prim\u00e6rtilknyting til organisasjonen",
		"sv": "Prim\u00e4r anknytning",
		"es": "Afiliaci\u00f3n primaria",
		"de": "Prim\u00e4re Organisationszugeh\u00f6rigkeit",
		"nl": "Primaire relatie",
		"lb": "Haapt Zougeh\u00e9iregkeet",
		"sl": "Primarna vloga",
		"da": "Prim\u00e6r tilknytning",
		"hr": "Temeljna povezanost s ustanovom",
		"hu": "Els\u0151dleges viszony",
		"fi": "Ensisijainen suhde organisaatioon",
		"pt-br": "Filia\u00e7\u00e3o Prim\u00e1ria",
		"pt": "Afilia\u00e7\u00e3o principal com a organiza\u00e7\u00e3o de origem",
		"pl": "G\u0142\u00f3wna przynale\u017cno\u015b\u0107 (Primary affiliation)",
		"cs": "Hlavn\u00ed p\u0159\u00edslu\u0161nost",
		"tr": "\u00d6ncelikli ba\u011flant\u0131",
		"fr": "Affiliation primaire",
		"it": "Affiliazione primaria",
		"lt": "Pirmin\u0117 s\u0105saja",
		"ja": "\u4e3b\u6240\u5c5e",
		"zh-tw": "\u4e3b\u8981\u9023\u7d61\u65b9\u5f0f",
		"he": "\u05d4\u05e9\u05ea\u05d9\u05d9\u05db\u05d5\u05ea \u05e2\u05d9\u05e7\u05e8\u05d9\u05ea",
		"ru": "\u0413\u043b\u0430\u0432\u043d\u043e\u0435 \u0447\u043b\u0435\u043d\u0441\u0442\u0432\u043e",
		"et": "Peamine kuuluvus",
		"zh": "\u4e3b\u8981\u7684\u8054\u7cfb\u65b9\u5f0f",
		"sr": "Primarna povezanost sa institucijom",
		"ar": "\u0627\u0644\u0648\u0638\u064a\u0641\u0629 \u0627\u0644\u0627\u0633\u0627\u0633\u064a\u0629",
		"lv": "Pamatdarba amats",
		"id": "Afiliasi utama",
		"ro": "Afiliere primar\u0103"
	},
	"attribute_noreduorgnin": {
		"no": "Organisasjonsnummer",
		"nn": "Organisasjonsnummer",
		"sv": "Organisationsnummer",
		"es": "N\u00famero de la organizaci\u00f3n",
		"de": "Firmennummer nach dem Norwegischen Firmenregister",
		"nl": "Organisatie nummer",
		"lb": "Organisatiounsnummer",
		"sl": "Organizacijska \u0161tevilka",
		"da": "CVR-nummer",
		"hr": "Broj\u010dani identifikator ustanove",
		"hu": "Szervezeti sz\u00e1m",
		"fi": "Organisaation numero",
		"pt-br": "N\u00famero Organizacional",
		"pt": "N\u00famero de Organiza\u00e7\u00e3o",
		"pl": "Numer organizacji",
		"cs": "\u010cislo organizace",
		"tr": "Kurumsal numara",
		"fr": "Immatriculation de l'institution",
		"it": "Numero organizzativo",
		"lt": "Organizacijos numeris",
		"ja": "\u7d44\u7e54\u756a\u53f7",
		"zh-tw": "\u7d44\u7e54\u865f\u78bc",
		"he": "\u05de\u05e1\u05e4\u05e8 \u05d0\u05d9\u05e8\u05d2\u05d5\u05e0\u05d9",
		"ru": "\u041d\u043e\u043c\u0435\u0440 \u043e\u0440\u0433\u0430\u043d\u0438\u0437\u0430\u0446\u0438\u0438",
		"zh": "\u7ec4\u7ec7\u53f7\u7801",
		"sr": "Jedinstveni brojni identifikator institucije",
		"ar": "\u0627\u0644\u0631\u0642\u0645 \u0628\u0627\u0644\u0645\u0646\u0638\u0645\u0629",
		"lv": "Organiz\u0101cijas re\u0123istr\u0101cijas numurs",
		"id": "Nomor Organisasi",
		"et": "Registrikood",
		"ro": "Num\u0103r organiza\u021bional"
	},
	"attribute_noredupersonbirthdate": {
		"no": "F\u00f8dselsdato",
		"nn": "F\u00f8dselsdato",
		"sv": "F\u00f6delsedata",
		"es": "Fecha de nacimiento",
		"de": "Geburtsdatum",
		"nl": "Geboortedatum",
		"lb": "Gebuertsdaag",
		"sl": "Datum rojstva",
		"da": "F\u00f8dselsdato",
		"hr": "Datum ro\u0111enja",
		"hu": "Sz\u00fclet\u00e9si d\u00e1tum",
		"fi": "Syntym\u00e4aika",
		"pt-br": "Data de Nascimento",
		"pt": "Data de nascimento",
		"pl": "Data urodzenia (Date of birth)",
		"cs": "Datum narozeni",
		"tr": "Do\u011fum tarihi",
		"fr": "Date de naissance",
		"it": "Data di nascita",
		"lt": "Gimimo data",
		"ja": "\u751f\u5e74\u6708\u65e5",
		"zh-tw": "\u751f\u65e5",
		"et": "S\u00fcnniaeg",
		"he": "\u05ea\u05d0\u05e8\u05d9\u05da \u05dc\u05d9\u05d3\u05d4",
		"ru": "\u0414\u0430\u0442\u0430 \u0440\u043e\u0436\u0434\u0435\u043d\u0438\u044f",
		"zh": "\u751f\u65e5",
		"sr": "Datum ro\u0111enja",
		"ar": "\u062a\u0627\u0631\u064a\u062e \u0627\u0644\u0645\u064a\u0644\u0627\u062f",
		"lv": "Dzim\u0161anas datums",
		"id": "Tanggal lahir",
		"ro": "Data na\u0219terii"
	},
	"attribute_noredupersonlin": {
		"no": "Lokalt ID-nummer",
		"nn": "Lokalt brukarnummer (ansattnummer, studentnummer, elevnummer osb)",
		"sv": "Lokal identifierare",
		"es": "N\u00famero de identificaci\u00f3n local",
		"de": "Lokale Kennummer",
		"nl": "Identiteitsnummer",
		"lb": "Identit\u00e9itsnummer",
		"sl": "Vpisna \u0161tevilka",
		"da": "Lokalt identifikationsnummer",
		"hr": "Lokalni broj\u010dani identifikator osobe u ustanovi (LOCAL_NO)",
		"hu": "Helyi azonos\u00edt\u00f3 sz\u00e1m",
		"fi": "Henkil\u00f6numero",
		"pt-br": "N\u00famero de Identifica\u00e7\u00e3o Local",
		"pt": "N\u00famero de Identifica\u00e7\u00e3o local",
		"pl": "Local identity number",
		"cs": "Lok\u00e1ln\u00ed identifika\u010dn\u00ed k\u00f3d",
		"tr": "Yerel kimlik numaras\u0131",
		"fr": "Immatriculation territoriale",
		"it": "Numero identificativo locale",
		"lt": "Vietinis tapatyb\u0117s numeris",
		"ja": "\u652f\u90e8ID",
		"zh-tw": "\u672c\u5730\u9a57\u8b49\u78bc",
		"he": "\u05de\u05e1\u05e4\u05e8 \u05d6\u05d4\u05d5\u05ea \u05de\u05e7\u05d5\u05de\u05d9",
		"ru": "\u041c\u0435\u0441\u0442\u043d\u044b\u0439 \u0438\u0434\u0435\u043d\u0442\u0438\u0444\u0438\u043a\u0430\u0446\u0438\u043e\u043d\u043d\u044b\u0439 \u043d\u043e\u043c\u0435\u0440",
		"et": "Kohalik isikukood",
		"zh": "\u672c\u5730\u8eab\u4efd\u53f7\u7801",
		"sr": "Lokalni brojni identifikator osobe",
		"ar": "\u0631\u0642\u0645 \u0627\u0644\u0647\u0648\u064a\u0629 \u0627\u0644\u0645\u062d\u0644\u064a",
		"lv": "Personas kods",
		"id": "Nomor identitas lokal",
		"ro": "Num\u0103r de identificare local"
	},
	"attribute_manager": {
		"no": "Overordnet",
		"nn": "Overordna",
		"sv": "Chef",
		"es": "Gestor",
		"de": "Manager\/in",
		"nl": "Manager",
		"lb": "Manager",
		"sl": "Mened\u017eer",
		"da": "Manager",
		"hr": "Voditelj",
		"hu": "Manager",
		"fi": "Manager",
		"pt-br": "Administrador",
		"pt": "Respons\u00e1vel hier\u00e1rquico",
		"pl": "Menad\u017cer (Manager)",
		"cs": "Mana\u017eer",
		"tr": "Y\u00f6netici",
		"fr": "Gestionnaire",
		"it": "Manager",
		"lt": "Vadovas",
		"ja": "\u7ba1\u7406\u8005",
		"zh-tw": "\u7ba1\u7406\u54e1",
		"he": "\u05de\u05e0\u05d4\u05dc",
		"ru": "\u0423\u043f\u0440\u0430\u0432\u043b\u044f\u044e\u0449\u0438\u0439",
		"et": "Juhataja",
		"zh": "\u7ba1\u7406\u5458",
		"sr": "Rukovodilac",
		"ar": "\u0627\u0644\u0645\u062f\u064a\u0631",
		"lv": "Priek\u0161nieks",
		"id": "Manager",
		"ro": "Director\/Manager"
	},
	"attribute_userpassword": {
		"no": "Hash av brukerens passord",
		"nn": "Passord for brukaren (lagra som hash-verdi)",
		"sv": "Anv\u00e4ndarens l\u00f6senordshash",
		"es": "Clave o contrase\u00f1a y m\u00e9todo de encriptaci\u00f3n utilizado",
		"de": "Passwort Hash des Benutzers",
		"nl": "Password hash",
		"sl": "Uporabnikovo zgo\u0161\u010deno geslo",
		"da": "Hash-v\u00e6rdi af brugerens kodeord",
		"hr": "Kriptirana zaporka",
		"hu": "A felhaszn\u00e1l\u00f3 jelszava (k\u00f3dolva)",
		"fi": "K\u00e4ytt\u00e4j\u00e4n salasanatiiviste",
		"pt": "Senha do utilizador",
		"pl": "Zakodowane has\u0142o u\u017cytkownika",
		"cs": "U\u017eivatelsk\u00e9 heslo (hash)",
		"tr": "Kullan\u0131c\u0131n\u0131n \u015fifre karmas\u0131",
		"fr": "Mot de passe chiffr\u00e9",
		"it": "Hash della password utente",
		"lt": "Naudotojo slapta\u017eod\u017eio mai\u0161a",
		"ja": "\u30d1\u30b9\u30ef\u30fc\u30c9\u30cf\u30c3\u30b7\u30e5",
		"zh-tw": "\u4f7f\u7528\u8005\u5bc6\u78bc\u7de8\u78bc",
		"et": "Kasutaja paroolir\u00e4si",
		"he": "\u05d4\u05d2\u05d9\u05d1\u05d5\u05d1 \u05e9\u05dc \u05e1\u05d9\u05e1\u05de\u05ea \u05d4\u05de\u05e9\u05ea\u05de\u05e9",
		"ru": "\u0425\u044d\u0448 \u043f\u0430\u0440\u043e\u043b\u044f \u043f\u043e\u043b\u044c\u0437\u043e\u0432\u0430\u0442\u0435\u043b\u044f",
		"pt-br": "Hash da Senha do Usu\u00e1rio",
		"zh": "\u7528\u6237\u5bc6\u7801\u7684HASH\u503c",
		"sr": "He\u0161 vrednost korisnikove lozinke",
		"ar": "\u0643\u0644\u0645\u0629 \u0627\u0644\u0633\u0631",
		"lv": "Paroles jauc\u0113jsumma (hash)",
		"id": "Hash password user",
		"ro": "Parola utilizatorului \u00een format <i>hash<\/i>"
	},
	"attribute_edupersonprimaryorgunitdn": {
		"no": "Entydig navn for organisasjonsenheten som brukeren prim\u00e6rt er tilknyttet",
		"nn": "Eintydig namn (DN) til prim\u00e6r organisasjonseining for personen",
		"sv": "LDAP-pekare (DN) till personens pim\u00e4ra organisationsenhet",
		"es": "Distinguished name (DN) de la entrada del directorio que representa el identificador primario de la Unidad Organizativa.",
		"de": "Distinguished name (DN) der prim\u00e4ren Organisationseinheit",
		"nl": "Distinguished name (DN) van de organisatie hoofdafdeling waartoe de persoon behoort",
		"sl": "Ime (DN) oddelka v doma\u010di organizaciji",
		"da": "Prim\u00e6r enhed\/institution",
		"hr": "Jedinstveni naziv (DN) korisnikove primarne organizacijske jedinice",
		"hu": "A szem\u00e9ly els\u0151dleges szervezeti egys\u00e9g\u00e9nek azonos\u00edt\u00f3 neve (DN-je)",
		"pt": "DN da unidade org\u00e2nica",
		"cs": "Jm\u00e9no hlavn\u00ed organiza\u010dn\u00ed jednotky",
		"tr": "Ki\u015finin \u00f6ncelikli Kurumsal Birimi'nin belirgin ad\u0131",
		"fr": "Nom unique (DN) de la section d'origine",
		"it": "Distinguished name (DN) dell'unit\u00e0 organizzativa della persona",
		"lt": "Asmens pirminio organizacijos skyriaus atpa\u017einimo vardas",
		"ja": "\u4e3b\u8981\u7d44\u7e54\u5358\u4f4d\u8b58\u5225\u540d",
		"zh-tw": "Distinguished name (DN) of \u500b\u4eba\u4e3b\u8981\u7d44\u7e54\u55ae\u4f4d",
		"he": "\u05e9\u05dd \u05de\u05d6\u05d4\u05d4 (DN) \u05e9\u05dc \u05d4\u05d9\u05d7\u05d9\u05d3\u05d4 \u05d4\u05e2\u05d9\u05e7\u05e8\u05d9\u05ea \u05d1\u05d0\u05d9\u05e8\u05d2\u05d5\u05df \u05d4\u05d1\u05d9\u05ea",
		"ru": "\u041e\u0442\u043b\u0438\u0447\u0438\u0442\u0435\u043b\u044c\u043d\u043e\u0435 \u0438\u043c\u044f (DN) \u0447\u0435\u043b\u043e\u0432\u0435\u043a\u0430 \u043e\u0441\u043d\u043e\u0432\u043d\u043e\u0433\u043e \u043f\u043e\u0434\u0440\u0430\u0437\u0434\u0435\u043b\u0435\u043d\u0438\u044f \u043e\u0440\u0433\u0430\u043d\u0438\u0437\u0430\u0446\u0438\u0438",
		"zh": "\u4eba\u7684\u4e3b\u8981\u7ec4\u7ec7\u5355\u4f4d\u7684\u8fa8\u522b\u540d\u79f0\uff08DN\uff09",
		"sr": "Jedinstveni naziv (DN) korisnikove primarne organizacione jedinice",
		"ar": "\u0627\u0644\u0627\u0633\u0645 \u0627\u0644\u0645\u0645\u064a\u0632 \u0644\u0644\u0648\u062d\u062f\u0629 \u0627\u0644\u0623\u0633\u0627\u0633\u064a\u0629 \u0628\u0627\u0644\u0645\u0646\u0638\u0645\u0629 \u0631\u0628 \u0627\u0644\u0639\u0645\u0644",
		"pl": "Nazwa osoby w jednostce organizacyjnej",
		"et": "Peamise all\u00fcksuse unikaalne nimi (DN)",
		"lv": "Personas pamata organiz\u0101cijas vien\u012bbas v\u0101rds (DN)",
		"id": "Distinguished name (DN) of person's primary Organizational Unit",
		"ro": "Nume distincitv (DN) al unit\u0103\u021bii organiza\u021bionale primare a persoanei"
	},
	"attribute_schacuserprivateattribute": {
		"no": "Private informasjonselement",
		"nn": "Private informasjonselement",
		"sv": "Information om vilka attribut som har skyddsbehov",
		"es": "Elementos de informaci\u00f3n privada",
		"de": "Private Informationselemente",
		"nl": "Priv\u00e9 informatie-elementen",
		"sl": "Zasebni informacijski elementi",
		"da": "Private informationselementer",
		"hu": "V\u00e9dett adatokat tartalmaz\u00f3 attrib\u00fatumok",
		"pt": "Elementos privados de informa\u00e7\u00e3o",
		"pl": "Poufne atrybuty",
		"cs": "Priv\u00e1tn\u00ed informa\u010dn\u00ed elementy",
		"tr": "\u00d6zel bilgi elemanlar\u0131",
		"fr": "\u00c9l\u00e9ments d'informations priv\u00e9es",
		"hr": "Postavke privatnosti",
		"it": "Elementi informativi privati",
		"lt": "Priva\u010dios informacijos elementai",
		"ja": "\u500b\u4eba\u60c5\u5831\u8981\u7d20",
		"zh-tw": "\u500b\u4eba\u8cc7\u6599",
		"et": "Privaatandmete elemendid",
		"he": "\u05e8\u05db\u05d9\u05d1\u05d9 \u05d4\u05de\u05d9\u05d3\u05e2 \u05d4\u05d0\u05d9\u05e9\u05d9",
		"ru": "\u042d\u043b\u0435\u043c\u0435\u043d\u0442\u044b \u043b\u0438\u0447\u043d\u043e\u0439 \u0438\u043d\u0444\u043e\u0440\u043c\u0430\u0446\u0438\u0438",
		"zh": "\u4e2a\u4eba\u8d44\u6599",
		"sr": "Privatni atribut",
		"ar": "\u0648\u062d\u062f\u0627\u062a \u0627\u0644\u062a\u0639\u0631\u064a\u0641 \u0627\u0644\u062e\u0627\u0635\u0629",
		"lv": "Priv\u0101t\u0101s inform\u0101cijas elementi",
		"id": "Elemen-elemen informasi personal",
		"ro": "Informa\u021bii private"
	},
	"attribute_noredupersonlegalname": {
		"no": "Folkeregistrert navn",
		"nn": "Namn registrert i Folkeregisteret",
		"sl": "Uradno ime",
		"sv": "Officiellt (legalt) namn",
		"fr": "\u00c9tat civil",
		"hr": "Slu\u017ebeni naziv",
		"da": "Officielt navn",
		"it": "Nome legale",
		"es": "Nombre legal",
		"lt": "Juridinis vardas",
		"ja": "\u6b63\u5f0f\u540d\u79f0",
		"nl": "Offici\u00eble naam",
		"de": "Offizeller Name",
		"zh-tw": "\u6b63\u5f0f\u540d\u5b57",
		"he": "\u05e9\u05dd \u05e8\u05e9\u05de\u05d9",
		"ru": "\u041e\u0444\u0438\u0446\u0438\u0430\u043b\u044c\u043d\u043e\u0435 \u043d\u0430\u0437\u0432\u0430\u043d\u0438\u0435",
		"zh": "\u6b63\u5f0f\u540d\u79f0",
		"ar": "\u0627\u0644\u0627\u0633\u0645 \u0627\u0644\u0634\u0631\u0639\u064a",
		"pl": "Formalna nazwa u\u017cytkownika",
		"et": "Ametlik nimi",
		"hu": "Hivatalos n\u00e9v (noreduperson)",
		"lv": "Juridiskais nosaukums",
		"id": "Nama legal",
		"sr": "Pravno ime",
		"cs": "Pr\u00e1vn\u00ed jm\u00e9no",
		"ro": "Nume legal"
	},
	"attribute_edupersonassurance": {
		"no": "Tillitsniv\u00e5 for autentisering",
		"nn": "Tillitsniv\u00e5 for autentisering",
		"sv": "Identitetens tillf\u00f6rlitlighetsprofil",
		"sl": "Stopnja zanesljivosti",
		"fr": "Profil d'assertion d'identit\u00e9",
		"hr": "Uskla\u0111enost sa standardima za\u0161tite korisni\u010dkih podataka",
		"da": "Tillidsniveau for autentifisering",
		"it": "Profilo di garanzia sull'identit\u00e0",
		"lt": "Tapatyb\u0117s tikrumo profilis",
		"es": "Identificador del perfil de garant\u00eda",
		"nl": "Identiteitsverzekeringsprofiel",
		"ja": "\u8b58\u5225\u5b50\u4fdd\u8a3c\u30d7\u30ed\u30d5\u30a1\u30a4\u30eb",
		"de": "Identity Assurance Profil",
		"zh-tw": "\u53ef\u9760\u9a57\u8b49\u8a2d\u5b9a\u6a94",
		"he": "\u05e4\u05e8\u05d5\u05e4\u05d9\u05dc \u05d4\u05d1\u05d8\u05d7\u05ea \u05d6\u05d4\u05d5\u05ea",
		"ru": "\u0418\u0434\u0435\u043d\u0442\u0438\u0444\u0438\u043a\u0430\u0442\u043e\u0440 \u0433\u0430\u0440\u0430\u043d\u0442\u0438\u0440\u043e\u0432\u0430\u043d\u043d\u043e\u0433\u043e \u043f\u0440\u043e\u0444\u0430\u0439\u043b\u0430",
		"et": "Identiteedi tagamise profiil",
		"zh": "\u53ef\u9760\u9a8c\u8bc1\u914d\u7f6e\u6587\u4ef6",
		"sr": "Visina pouzdanosti davaoca digitalnih identiteta",
		"ar": "\u0647\u0648\u064a\u0629 \u0627\u0644\u0636\u0645\u0627\u0646",
		"lv": "Apraksts, k\u0101 at\u0161\u0137irt cilv\u0113ku no robota",
		"id": "Profil penjamin identitas",
		"cs": "Poskytovatel identifika\u010dn\u00edho profilu",
		"ro": "Profilul de asigurare a identit\u0103\u021bii"
	}
}
