{
	"header_saml20_sp": {
		"no": "SAML 2.0 SP Demo Eksempel",
		"nn": "Demonstrasjon av SAML 2.0 SP",
		"sv": "SAML 2.0 SP demoexempel",
		"es": "Ejemplo de SAML 2.0 SP",
		"fr": "Exemple de d\u00e9monstration de SP SAML 2.0",
		"de": "SAML 2.0 SP Demo Beispiel",
		"nl": "SAML 2.0 SP Demo",
		"sl": "SAML 2.0 SP Demo primer",
		"da": "SAML 2.0 tjenesteudbyder-demo",
		"hr": "Primjer SAML 2.0 davatelja usluge",
		"hu": "SAML 2.0 SP pr\u00f3ba p\u00e9lda",
		"fi": "SAML 2.0 SP esimerkki",
		"pt-br": "SAML 2.0 SP Exemplo",
		"pt": "Exemplo de demonstra\u00e7\u00e3o do SP SAML 2.0",
		"pl": "Przyk\u0142adowe Demo SAML 2.0 SP",
		"cs": "SAML 2.0 SP Demo",
		"tr": "SAML 2.0 SP Demo \u00d6rne\u011fi",
		"it": "Demo di SAML 2.0 SP",
		"lt": "SAML 2.0 SP Demonstracin\u0117s versijos Pavyzdys",
		"ja": "SAML 2.0 SP \u30c7\u30e2\u4f8b",
		"zh-tw": "SAML 2.0 SP \u5c55\u793a\u7bc4\u4f8b",
		"et": "SAML 2.0 SP demon\u00e4ide",
		"he": "\u05d4\u05d3\u05d2\u05de\u05ea \u05d3\u05d5\u05d2\u05de\u05d4 \u05dc\u05e1\"\u05e9 \u05de\u05e1\u05d5\u05d2 SAML 2.0",
		"zh": "SAML 2.0 SP\u6f14\u793a\u6848\u4f8b",
		"ar": "\u0627\u0633\u062a\u0639\u0631\u0627\u0636 \u0645\u062b\u0627\u0644 \u0644 SAML 2.0 SP",
		"lv": "SAML 2.0 SP demonstr\u0101cijas piem\u0113rs",
		"id": "Contoh Demo SAML 2.0 SP",
		"sr": "SAML 2.0 SP Demo Primer",
		"ro": "Exemplu demonstrativ de furnizor de servicii SAML 2.0",
		"ru": "\u0414\u0435\u043c\u043e \u043f\u0440\u0438\u043c\u0435\u0440 \u0441\u0435\u0440\u0432\u0438\u0441 \u043f\u0440\u043e\u0432\u0430\u0439\u0434\u0435\u0440\u0430 SAML 2.0 SP"
	},
	"header_shib": {
		"no": "Shibboleth Demo",
		"nn": "Demonstrasjon av Shibboleth",
		"sv": "Shibboleth demoexempel",
		"es": "Ejemplo Shibboleth",
		"fr": "Exemple de d\u00e9monstration de Shibboleth",
		"de": "Shibboleth Demo",
		"nl": "Shibboleth demo",
		"sl": "Shibboleth demo primer",
		"da": "Shibboleth-demo",
		"hr": "Shibboleth primjer",
		"hu": "Shibboleth pr\u00f3ba",
		"fi": "Shibboleth esimerkki",
		"pt-br": "Shibboleth Demo",
		"pt": "Exemplo de demonstra\u00e7\u00e3o do SP Shibboleth 1.3",
		"pl": "Demo Shibboleth",
		"cs": "Shibboleth demo",
		"tr": "Shibboleth demo",
		"it": "Demo di Shibboleth",
		"lt": "Shibboleth demonstracin\u0117 versija",
		"ja": "Shibboleth \u30c7\u30e2",
		"zh-tw": "\u7279\u5b9a\u5c55\u793a",
		"et": "Shibbolethi demo",
		"he": "\u05d4\u05d3\u05d2\u05de\u05d4 \u05dc- Shibboleth",
		"zh": "Shibboleth\u6f14\u793a",
		"ar": "\u0627\u0633\u062a\u0639\u0631\u0627\u0636 Shibboleth",
		"lv": "Shibboleth demo",
		"id": "Demo Shibboleth",
		"sr": "Shibboleth Demo",
		"ro": "Demo Shibboleth",
		"ru": "Shibboleth \u0434\u0435\u043c\u043e"
	},
	"header_wsfed": {
		"no": "WS-Fed SP Demo Eksempel",
		"nn": "Demonstrasjon av WS-Federation SP",
		"sv": "WS-Fed SP demoexempel",
		"es": "Ejemplo WS-Fed SP",
		"fr": "Exemple de d\u00e9monstration de WS-Fed SP",
		"de": "WS-Fed SP Demo Beispiel",
		"nl": "WS-Fed SP Demo",
		"sl": "WS-Fed SP demo primer",
		"da": "WS-Federation tjenesteudbyder-demo",
		"hr": "Primjer WS-Fed davatelja usluge",
		"hu": "WS-Fed SP pr\u00f3ba p\u00e9lda",
		"fi": "WS-FED SP esimerkki",
		"pt-br": "WS-Fed SP Exemplo",
		"pt": "Exemplo de demonstra\u00e7\u00e3o do SP WS-Fed",
		"pl": "Przyk\u0142adowe Demo WS-Fed SP",
		"cs": "WS-Fed SP Demo",
		"tr": "WS-Fed SP Demo \u00d6rne\u011fi",
		"it": "Demo di WS-Fed SP",
		"lt": "WS-Fed SP Demonstracin\u0117s versijos Pavyzdys",
		"ja": "WS-Fed SP \u30c7\u30e2\u4f8b",
		"zh-tw": "WS-Fed SP \u5c55\u793a\u7bc4\u4f8b",
		"et": "WS-Fed SP demon\u00e4ide",
		"he": "\u05d4\u05d3\u05d2\u05de\u05ea \u05d3\u05d5\u05d2\u05de\u05d4 \u05dc\u05e1\"\u05e9 \u05de\u05e1\u05d5\u05d2 WS-Fed",
		"zh": "WS-Fed SP \u6f14\u793a\u6848\u4f8b",
		"ar": "\u0627\u0633\u062a\u0639\u0631\u0627\u0636 \u0645\u062b\u0627\u0644 \u0644 WS-Fed",
		"lv": "WS-Fed SP demonstr\u0101cijas piem\u0113rs",
		"id": "Contoh Demo WS-Fed SP",
		"sr": "WS-Fed SP Demo Primer",
		"ro": "Exemplu demonstrativ de WS-Fed",
		"ru": "\u0414\u0435\u043c\u043e \u043f\u0440\u0438\u043c\u0435\u0440 \u0441\u0435\u0440\u0432\u0438\u0441 \u043f\u0440\u043e\u0432\u0430\u0439\u0434\u0435\u0440\u0430 WS-Fed SP"
	},
	"header_diagnostics": {
		"no": "SimpleSAMLphp diagnostikk",
		"nn": "Feils\u00f8king av simpleSAMLphp",
		"sv": "SimpleSAMLphp diagnostik ",
		"es": "Diagn\u00f3stico simpleSAMLphp",
		"fr": "Diagnostics SimpleSAMLphp",
		"de": "SimpleSAMLphp Diagnose",
		"nl": "SimpleSAMLphp controle",
		"sl": "SimpleSAMLphp diagnostika",
		"da": "simpleSAMLphp diagnostics",
		"hr": "SimpleSAMLphp dijagnostika",
		"hu": "SimpleSAMLphp hibakeres\u00e9s",
		"fi": "SimpleSAMLphp diagnostiikka",
		"pt-br": "Diagn\u00f3sticos do SimpleSAMLphp",
		"pt": "Diagn\u00f3sticos do simpleSAMLphp",
		"pl": "Diagnostyka SimpleSAMLphp",
		"cs": "SimpleSAMLphp diagnostika",
		"tr": "SimpleSAMLphp Kontroller",
		"it": "Diagnostici di SimpleSAMLphp",
		"lt": "SimpleSAMLphp Diagnostika",
		"ja": "SimpleSAMLphp \u8a3a\u65ad",
		"zh-tw": "SimpleSAMLphp \u8a3a\u65b7\u5de5\u5177",
		"et": "SimpleSAMLphp diagnostika",
		"he": "\u05d0\u05d9\u05d1\u05d7\u05d5\u05df SimpleSAMLphp",
		"zh": "SimpleSAMLphp \u8bca\u65ad",
		"ar": "\u062a\u0634\u062e\u064a\u0635 SimpleSAMLphp",
		"lv": "SimpleSAMLphp diagnostika",
		"id": "Diagnostik SimpleSAMLphp",
		"sr": "SimpleSAMLphp Dijagnostika",
		"ro": "Diagnostic simpleSAMLphp",
		"ru": "\u0414\u0438\u0430\u0433\u043d\u043e\u0441\u0442\u0438\u043a\u0430 SimpleSAMLphp"
	},
	"some_error_occurred": {
		"no": "En feil har oppst\u00e5tt",
		"nn": "Ein feilsituasjon oppsto",
		"sv": "Ett fel har intr\u00e4ffat",
		"es": "Se produjo un error",
		"fr": "Une erreur est survenue",
		"de": "Es ist ein Fehler aufgetreten",
		"nl": "Er is een fout opgetreden",
		"sl": "Pri\u0161lo je do napake!",
		"da": "En fejl opstod.",
		"hr": "Pojavila se gre\u0161ka",
		"hu": "Hiba t\u00f6rt\u00e9nt",
		"fi": "Virhe",
		"pt-br": "Ocorreu algum erro",
		"pt": "Ocorreu um erro",
		"pl": "Wystapi\u0142 jaki\u015b b\u0142\u0105d",
		"cs": "Nalezena chyba",
		"tr": "Hata olu\u015ftu",
		"it": "Si \u00e8 verificato un errore",
		"lt": "\u012evyko tam tikra klaida",
		"ja": "\u5e7e\u3064\u304b\u306e\u30a8\u30e9\u30fc\u304c\u767a\u751f\u3057\u307e\u3057\u305f",
		"zh-tw": "\u6709\u932f\u8aa4\u767c\u751f",
		"et": "Ilmnes mingi t\u00f5rge",
		"he": "\u05d4\u05ea\u05e8\u05d7\u05e9\u05d4 \u05e9\u05d2\u05d9\u05d0\u05d4",
		"zh": "\u67d0\u4e9b\u9519\u8bef\u53d1\u751f\u4e86",
		"ar": "\u0644\u0642\u062f \u062d\u062f\u062b \u062e\u0637\u0627 \u0645\u0627",
		"lv": "Notikusi k\u013c\u016bda",
		"id": "Beberapa error telah terjadi",
		"sr": "Desila se gre\u0161ka",
		"ro": "A ap\u0103rut o eroare",
		"ru": "\u041f\u0440\u043e\u0438\u0437\u043e\u0448\u043b\u0430 \u043e\u0448\u0438\u0431\u043a\u0430"
	},
	"intro": {
		"no": "Hei, dette er en statusside p\u00e5 simpleSAMLphp. Her kan du se om sesjonen din er timet ut, hvor lenge det er til den timer ut og attributter som er knyttet til din sesjon.",
		"nn": "Hei, dette er statussida for simpleSAMLphp.  Her kan du sj\u00e5 om sesjonen din er gyldig, kor lenge han varer og du kan sj\u00e5 alle attributt som blir brukte i sesjonen din.",
		"sv": "Detta \u00e4r stutussidan f\u00f6r simpleSAMLphp. H\u00e4r kan du se om sessions giltig har g\u00e5tt ut, hur l\u00e4nge det dr\u00f6jer innan den g\u00e5r ut samt alla attribut som tillh\u00f6r sessionen.",
		"es": "Hola, esta es la p\u00e1gina de estado de simpleSAMLphp. Desde aqu\u00ed puede ver si su sesi\u00f3n ha caducado, cuanto queda hasta que lo haga y todos los atributos existentes en su sesi\u00f3n.",
		"fr": "Bonjour, vous \u00eates sur la page de statut de simpleSAMLphp. Vous pouvez consulter ici le temps restant sur votre session, ainsi que les attributs qui y sont attach\u00e9s.",
		"de": "Hallo, das ist die Statusseite von simpleSAMLphp. Hier k\u00f6nnen Sie sehen, ob Ihre Sitzung ausgelaufen ist, wie lange die Sitzung noch g\u00fcltig ist und alle Attribute Ihrer Sitzung.",
		"nl": "Dit is de overzichtspagina van simpleSAMLphp. Hier kunt u zien of uw sessie nog geldig is, hoe lang het nog duurt voordat deze verloopt, en u kunt alle attributen bekijken die aanwezig zijn in deze sessie.",
		"sl": "\u017divjo! To je statusna stran simpleSAMLphp, ki omogo\u010da pregled nad trajanjem va\u0161e trenutne seje in atributi, ki so povezani z njo.",
		"da": "Dette er statussiden for simpleSAMLphp.Du kan se om din session er udl\u00f8bet, hvor lang tid der er til at den udl\u00f8ber samt alle \u00f8vrige oplysninger om din session.",
		"hr": "Ovo je stranica s prikazom aktualnog stanja Single Sign-On sjednice. Na ovoj stranici mo\u017eete vidjeti je li vam istekla sjednica, koliko \u0107e jo\u0161 dugo va\u0161a sjednica trajati te sve atribute koji su vezani uz va\u0161u sjednicu.",
		"hu": "\u00dcdv\u00f6z\u00f6lj\u00fck, ez a SimpleSAMLphp st\u00e1tus oldala. Itt l\u00e1thatja, ha lej\u00e1rt a munkamenete, mikor l\u00e9pett be utolj\u00e1ra \u00e9s a munkamenethez tartoz\u00f3 attrib\u00fatumokat.",
		"fi": "T\u00e4m\u00e4 on simpleSAMLphp:n statussivu. N\u00e4et onko istuntosi voimassa, kauanko se on voimassa ja kaikki istuuntosi liitetyt attribuutit.",
		"pt-br": "Ol\u00e1, esta \u00e9 a p\u00e1gina de status simpleSAMLphp. Aqui voc\u00ea pode ver \u00e9 se a sua sess\u00e3o expirou, o tempo que dura at\u00e9 ele expirar e todos os atributos que est\u00e3o anexados \u00e0 sua sess\u00e3o.",
		"pt": "Est\u00e1 na p\u00e1gina de status do simpleSAMLphp. Aqui poder\u00e1 consultar informa\u00e7\u00f5es sobre a sua sess\u00e3o: o tempo de expira\u00e7\u00e3o e os seus atributos.",
		"pl": "Hej, to jest status strony simpleSAMLphp. Tutaj mo\u017cesz zaboaczy\u0107, czy Twoja sesja jest nadal aktywna, jak d\u0142ugo pozosta\u0142o czasu do zako\u0144czenia sesji i wszystkie atrybuty, kt\u00f3re zosta\u0142y za\u0142\u0105czone do sesji.",
		"cs": "V\u00edtejte na informa\u010dn\u00ed str\u00e1nce. Zde uvid\u00edte, pokud vypr\u0161elo va\u0161e sezen\u00ed, jak dlouho jste pry\u010d a v\u0161echny atributy p\u0159ipojen\u00e9 k va\u0161emu sezen\u00ed.",
		"tr": "Merhaba, bu simpleSAMLphp durum sayfas\u0131d\u0131r. Oturumunuzun s\u00fcresinin dolup dolmad\u0131\u011f\u0131n\u0131, oturumunuzun ne kadar s\u00fcrd\u00fc\u011f\u00fcn\u00fc ve oturumunuza ait t\u00fcm bilgileri buradan g\u00f6rebilirsiniz.",
		"it": "Salve, questa \u00e8 la pagina di stato di simpleSAMLphp. Qui \u00e8 possiible vedere se la sessione \u00e8 scaduta, quanto \u00e8 durata prima di scadere e tutti gli attributi ad essa collegati.",
		"lt": "Sveikia, \u010dia simpleSAMLphp b\u016bsenos tinklapis. \u010cia galite pamatyti, ar J\u016bs\u0173 sesija turi laiko apribojim\u0105, kiek trunka tas laiko apribojimas bei kitus J\u016bs\u0173 sesijai priskirtus atributus.",
		"ja": "\u3053\u3093\u306b\u3061\u306f\u3001\u3053\u3053\u306f simpleSAMLphp\u306e\u30b9\u30c6\u30fc\u30bf\u30b9\u30da\u30fc\u30b8\u3067\u3059\u3002\u3053\u3053\u3067\u306f\u30bb\u30c3\u30b7\u30e7\u30f3\u306e\u30bf\u30a4\u30e0\u30a2\u30a6\u30c8\u6642\u9593\u3084\u30bb\u30c3\u30b7\u30e7\u30f3\u306b\u7d50\u3073\u3064\u3051\u3089\u308c\u305f\u5c5e\u6027\u60c5\u5831\u3092\u898b\u308b\u3053\u3068\u304c\u51fa\u6765\u307e\u3059\u3002",
		"zh-tw": "\u55e8\uff0c\u9019\u662f simpleSAMLphp \u72c0\u614b\u9801\uff0c\u5728\u9019\u908a\u60a8\u53ef\u4ee5\u770b\u5230\u60a8\u7684\u9023\u7dda\u662f\u5426\u903e\u6642\uff0c\u4ee5\u53ca\u9084\u6709\u591a\u4e45\u624d\u903e\u6642\uff0c\u6240\u6709\u5c6c\u6027\u503c(attributes)\u90fd\u6703\u9644\u52a0\u5728\u4f60\u7684\u9023\u7dda\u88e1(session)\u3002",
		"et": "Tere! See on SimpleSAMLphp olekuteave. Siit on v\u00f5imalik n\u00e4ha, kas su sessioon on aegunud, kui kaua see veel kestab ja k\u00f5iki teisi sessiooniga seotud atribuute.",
		"he": "\u05e9\u05dc\u05d5\u05dd, \u05d6\u05d4\u05d5 \u05d3\u05e3 \u05d4\u05de\u05e6\u05d1 \u05e9\u05dc simpleSAMLphp. \u05db\u05d0\u05df \u05d0\u05e4\u05e9\u05e8 \u05dc\u05e8\u05d0\u05d5\u05ea \u05d0\u05dd \u05d4\u05e9\u05d9\u05d7\u05d4 \u05d4\u05d5\u05e4\u05e1\u05e7\u05d4, \u05db\u05de\u05d4 \u05d6\u05de\u05df \u05d4\u05d9\u05d0 \u05ea\u05de\u05e9\u05d9\u05da \u05e2\u05d3 \u05dc\u05d4\u05e4\u05e1\u05e7\u05ea\u05d4 \u05d5\u05db\u05dc \u05d4\u05ea\u05db\u05d5\u05e0\u05d5\u05ea \u05d4\u05de\u05e6\u05d5\u05e8\u05e4\u05d5\u05ea \u05dc\u05e9\u05d9\u05d7\u05d4.",
		"zh": "\u55e8\uff0c\u8fd9\u662fsimpleSAMLphp\u72b6\u6001\u9875\u3002\u8fd9\u91cc\u4f60\u53ef\u4ee5\u770b\u5230\uff0c\u5982\u679c\u60a8\u7684\u4f1a\u8bdd\u8d85\u65f6\uff0c\u5b83\u6301\u7eed\u591a\u4e45\uff0c\u76f4\u5230\u8d85\u65f6\u548c\u8fde\u63a5\u5230\u60a8\u7684\u4f1a\u8bdd\u7684\u6240\u6709\u5c5e\u6027\u3002",
		"ar": "\u0645\u0631\u062d\u0628\u0627\u064b \u0628\u0643\u0645 \u0641\u064a \u0635\u0641\u062d\u0629 \u062d\u0627\u0644\u0629 SimpleSAMLphp. \u064a\u0645\u0643\u0646\u0643 \u0647\u0646\u0627 \u0645\u0631\u0627\u0642\u0628\u0629 \u0648\u0642\u062a \u0627\u0646\u062a\u0647\u0627\u0621 \u062c\u0644\u0633\u062a\u0643\u060c \u0641\u062a\u0631\u0629 \u0627\u0633\u062a\u0645\u0631\u0627\u0631\u0647\u0627\u060c \u0645\u062a\u064a \u0633\u062a\u0646\u062a\u0647\u064a \u0648 \u062c\u0645\u064a\u0639 \u0627\u0644\u0633\u0645\u0627\u062a \u0627\u0644\u0645\u0631\u062a\u0628\u0637\u0629 \u0628\u0627\u0644\u062c\u0644\u0633\u0629",
		"lv": "\u0160\u012b ir SimpleSAMLphp statusa lapa. Te J\u016bs varat redz\u0113t vai J\u016bsu sesija ir p\u0101rtraukta, cik ilgi t\u0101 bijusi akt\u012bva un visus ar to saist\u012btos atrib\u016btus.",
		"id": "Hai, ini adalah halaman status dari simpleSAMLphp. Disini anda dapat melihat jika session anda telah time out, berapa lama ia berlaku sampai time out dan semua attribut yang menempel pada session anda.",
		"sr": "Ovo je stranica s prikazom aktuelnog stanja va\u0161e sesije. Na ovoj stranici mo\u017eete videti je li vam je istekla sesija, koliko \u0107e jo\u0161 dugo va\u0161a sesija trajati i sve atribute koji su vezani uz va\u0161u sesiju.",
		"ro": "Aceasta este pagina de stare pentru simpleSAMLphp. Aici pute\u021bi verifica dac\u0103 sesiunea dumneavoastr\u0103 a expirat, c\u00e2t timp mai este p\u00e2n\u0103 la expirarea sesiunii precum \u0219i toate atributele ata\u0219ate sesiunii dumneavoastr\u0103.",
		"ru": "\u042d\u0442\u043e \u0441\u0442\u0440\u0430\u043d\u0438\u0446\u0430 \u0441\u043e \u0441\u0442\u0430\u0442\u0443\u0441\u043e\u043c SimpleSAMLphp. \u041c\u043e\u0436\u043d\u043e \u043e\u0431\u043d\u0430\u0440\u0443\u0436\u0438\u0442\u044c \u0441\u043b\u0443\u0447\u0430\u0438 \u043e\u043a\u043e\u043d\u0447\u0430\u043d\u0438\u044f \u0441\u0435\u0441\u0441\u0438\u0438, \u043f\u0440\u043e\u0434\u043e\u043b\u0436\u0438\u0442\u0435\u043b\u044c\u043d\u043e\u0441\u0442\u044c \u0441\u0435\u0441\u0441\u0438\u0438 \u0434\u043e \u0438\u0441\u0442\u0435\u0447\u0435\u043d\u0438\u044f \u0441\u0440\u043e\u043a\u0430 \u0434\u0435\u0439\u0441\u0442\u0432\u0438\u044f \u0438 \u0432\u0441\u0435 \u0430\u0442\u0440\u0438\u0431\u0443\u0442\u044b \u0432 \u0434\u0430\u043d\u043d\u043e\u0439 \u0441\u0435\u0441\u0441\u0438\u0438."
	},
	"validfor": {
		"no": "Din sesjon er gyldig i %SECONDS% sekunder fra n\u00e5.",
		"nn": "Din sesjon er gyldig i %SECONDS% sekund fr\u00e5 no.",
		"sv": "Din session \u00e4r giltig f\u00f6r %SECONDS% sekunder fr\u00e5n nu.",
		"es": "Su sesi\u00f3n ser\u00e1 valida durante %SECONDS% segundos.",
		"fr": "Votre session est encore valide pour %SECONDS% secondes.",
		"de": "Ihre Sitzung ist noch f\u00fcr %SECONDS% g\u00fcltig.",
		"nl": "Uw sessie is nog %SECONDS% seconden geldig vanaf dit moment.",
		"sl": "Va\u0161a trenutna seja je veljavna \u0161e %SECONDS% sekund.",
		"da": "Du har %SECONDS% tilbage af din session",
		"hr": "Va\u0161a sjednica bit \u0107e valjana jo\u0161 %SECONDS% sekundi.",
		"hu": "Az \u00f6n munkamenete m\u00e9g %SECONDS% m\u00e1sodpercig \u00e9rv\u00e9nyes",
		"fi": "Istuntosi on viel\u00e4 voimassa %SECONDS% sekuntia",
		"pt-br": "Sua sess\u00e3o \u00e9 v\u00e1lida por %SECONDS% segundos a partir de agora.",
		"pt": "A sua sess\u00e3o \u00e9 v\u00e1lida por %SECONDS% segundos.",
		"pl": "Twoja sesja jest jeszcze wa\u017cna przez %SECONDS% sekund",
		"cs": "Va\u0161e sezen\u00ed je platn\u00e9 %SECONDS% sekund od te\u010f.",
		"tr": "Oturumunuz, \u015fu andan itibaren %SECONDS% saniyeli\u011fine ge\u00e7erlidir.",
		"it": "La tua sessione \u00e8 valida per ulteriori %SECONDS% secondi.",
		"lt": "J\u016bs\u0173 sesija galioja %SECONDS% sekund\u017ei\u0173, skai\u010diuojant nuo \u0161io momento.",
		"ja": "\u30bb\u30c3\u30b7\u30e7\u30f3\u306f\u4eca\u304b\u3089 %SECONDS% \u79d2\u9593\u6709\u52b9\u3067\u3059",
		"zh-tw": "\u60a8\u7684 session \u5f9e\u73fe\u5728\u8d77\u9084\u6709 %SECONDS% \u6709\u6548\u3002",
		"et": "Sinu sessioon kehtib veel %SECONDS% sekundit.",
		"he": "\u05d4\u05e9\u05d9\u05d7\u05d4 \u05e9\u05dc\u05da \u05d1\u05e8\u05ea-\u05ea\u05d5\u05e7\u05e3 \u05dc\u05e2\u05d5\u05d3 %SECONDS% \u05e9\u05e0\u05d9\u05d5\u05ea \u05de\u05e2\u05db\u05e9\u05d9\u05d5.",
		"zh": "\u4f60\u7684\u4f1a\u8bdd\u5728%SECONDS%\u79d2\u5185\u6709\u6548",
		"ar": "\u0633\u062a\u0633\u062a\u0645\u0631 \u062c\u0644\u0633\u062a\u0643 \u0644\u066a\u0639\u062f\u062f \u062b\u0648\u0627\u0646\u064a\u066a \u062b\u0627\u0646\u064a\u0629 \u062a\u0628\u062f\u0623 \u0627\u0644\u0627\u0646",
		"lv": "Sesija ir der\u012bga %SECONDS% sekundes no \u0161\u012b br\u012b\u017ea.",
		"id": "Session anda valid untuk %SECONDS% detik dari sekarang.",
		"sr": "Va\u0161a sesija \u0107e biti validna jo\u0161 %SECONDS% sekundi.",
		"ro": "Sesiunea dumneavoastr\u0103 mai este valid\u0103 \u00eenc\u0103 %SECONDS%.",
		"ru": "\u0412\u0430\u0448\u0430 \u0441\u0435\u0441\u0441\u0438\u044f \u0434\u0435\u0439\u0441\u0442\u0432\u0438\u0442\u0435\u043b\u044c\u043d\u0430 \u0432 \u0442\u0435\u0447\u0435\u043d\u0438\u0435 \u0441\u043b\u0435\u0434\u0443\u044e\u0449\u0438\u0445 %SECONDS% \u0441\u0435\u043a\u0443\u043d\u0434."
	},
	"sessionsize": {
		"no": "Sesjons st\u00f8rrelse: %SIZE%",
		"nn": "Sesjonsstorleik: %SIZE%",
		"sv": "Sessionsstorlek: %SIZE%",
		"es": "Tama\u00f1o de la sesi\u00f3n: %SIZE%",
		"fr": "Taille de la session : %SIZE%",
		"de": "Gr\u00f6sse der Sitzung: %SIZE%",
		"nl": "Sessiegrootte: %SIZE%",
		"sl": "Velikost seje: %SIZE% bajtov",
		"da": "Sessionsst\u00f8rrelse: %SIZE%",
		"hr": "Veli\u010dina sjednice: %SIZE%",
		"hu": "Munkamenet m\u00e9rete: %SIZE%",
		"fi": "Istunnon koko: %SIZE%",
		"pt-br": "Tamanho da sess\u00e3o: %SIZE%",
		"pt": "Tamanho da sess\u00e3o: %SIZE%",
		"pl": "Rozmiar sesji: %SIZE%",
		"cs": "Velikost sezeni: %SIZE%",
		"tr": "Oturum b\u00fcy\u00fckl\u00fc\u011f\u00fc: %SIZE%",
		"it": "Dimensione della session: %SIZE%",
		"lt": "Sesijos trukm\u0117: %SIZE%",
		"ja": "\u30bb\u30c3\u30b7\u30e7\u30f3\u30b5\u30a4\u30ba: %SIZE%",
		"zh-tw": "Session \u5927\u5c0f: %SIZE%",
		"et": "Sessiooni suurus: %SIZE%",
		"he": "\u05d2\u05d5\u05d3\u05dc \u05e9\u05d9\u05d7\u05d4: %SIZE%",
		"ru": "\u0420\u0430\u0437\u043c\u0435\u0440 \u0441\u0435\u0441\u0441\u0438\u0438: %SIZE%",
		"zh": "Session \u5927\u5c0f: %SIZE%",
		"ar": "\u062d\u062c\u0645 \u0627\u0644\u062c\u0644\u0633\u0629 \u066a\u062d\u062c\u0645\u066a",
		"lv": "Sesijas izm\u0113rs: %SIZE%",
		"id": "Ukuran session: %SIZE%",
		"sr": "Veli\u010dina sesije: %SIZE%",
		"ro": "Dimensiunea sesiunii: %SIZE%"
	},
	"attributes_header": {
		"no": "Dine attributter",
		"nn": "Dine attributtar",
		"sv": "Dina attribut",
		"es": "Atributos",
		"fr": "Vos attributs",
		"de": "Ihre Attribute",
		"nl": "Uw attributen",
		"sl": "Va\u0161i atributi",
		"da": "Dine oplysninger",
		"hr": "Va\u0161i atributi",
		"hu": "Az \u00f6n attrib\u00fatumai",
		"fi": "Attribuuttisi",
		"pt-br": "Seus atributos",
		"pt": "Os seus atributos",
		"pl": "Twoje atrybuty",
		"cs": "Va\u0161e atributy",
		"tr": "Bilgileriniz",
		"it": "I tuoi attributi",
		"lt": "J\u016bs\u0173 atributai",
		"ja": "\u5c5e\u6027",
		"zh-tw": "\u60a8\u7684\u5c6c\u6027\u503c",
		"et": "Sinu atribuudid",
		"he": "\u05d4\u05ea\u05db\u05d5\u05e0\u05d5\u05ea \u05e9\u05dc\u05da",
		"ru": "\u0412\u0430\u0448\u0438 \u0430\u0442\u0440\u0438\u0431\u0443\u0442\u044b",
		"zh": "\u4f60\u7684\u5c5e\u6027",
		"ar": "\u0627\u0644\u0633\u0645\u0627\u062a",
		"lv": "Atrib\u016bti",
		"id": "Attribut Anda",
		"sr": "Va\u0161i atributi",
		"ro": "Atributele dumneavoastr\u0103"
	},
	"logout": {
		"no": "Logg ut",
		"nn": "Logg ut",
		"sv": "Logga ut",
		"es": "Salir",
		"fr": "D\u00e9connexion",
		"de": "Abmelden",
		"nl": "Logout",
		"sl": "Odjava",
		"da": "Log ud",
		"hr": "Odjava",
		"hu": "Kil\u00e9p\u00e9s",
		"fi": "Uloskirjautuminen",
		"pt-br": "Desconectar",
		"pt": "Sair",
		"pl": "Wyloguj",
		"cs": "Odhl\u00e1\u0161en\u00ed",
		"tr": "\u00c7\u0131k\u0131\u015f",
		"it": "Disconnessione",
		"lt": "Atsijungti",
		"ja": "\u30ed\u30b0\u30a2\u30a6\u30c8",
		"zh-tw": "\u767b\u51fa",
		"et": "Logi v\u00e4lja",
		"he": "\u05d4\u05ea\u05e0\u05ea\u05e7\u05d5\u05ea",
		"ru": "\u0412\u044b\u0439\u0442\u0438",
		"zh": "\u9000\u51fa",
		"ar": "\u062a\u0633\u062c\u064a\u0644 \u0627\u0644\u062e\u0631\u0648\u062c",
		"lv": "Atsl\u0113gties",
		"id": "Logout",
		"sr": "Odjava",
		"ro": "Deautentificare"
	}
}
