<?xml version="1.0" encoding="UTF-8"?>
<beans xmlns="http://www.springframework.org/schema/beans"
	xmlns:xsi="http://www.w3.org/2001/XMLSchema-instance" xmlns:sec="http://www.springframework.org/schema/security"
	xsi:schemaLocation="
	http://www.springframework.org/schema/beans http://www.springframework.org/schema/beans/spring-beans-3.2.xsd
	http://www.springframework.org/schema/security
	http://www.springframework.org/schema/security/spring-security-3.1.xsd">
	
	<sec:authentication-manager alias="authenticationManager">
		<sec:authentication-provider>
			<sec:user-service>
				<sec:user name="Superuser" password="Superuser" authorities="ROLE_CLOUDADMINS, ROLE_APPMANAGERS, ROLE_VIEWERS" />
				<sec:user name="Amanda" password="Amanda" authorities="ROLE_CLOUDADMINS" />
				<sec:user name="Dana" password="Dana" authorities="ROLE_CLOUDADMINS, ROLE_APPMANAGERS" />
				<sec:user name="Dan" password="Dan" authorities="ROLE_APPMANAGERS" />
				<sec:user name="Don" password="Don" authorities="ROLE_APPMANAGERS, ROLE_VIEWERS" />
				<sec:user name="John" password="John" authorities="ROLE_VIEWERS" />
				<sec:user name="Jane" password="Jane" authorities="" />
			</sec:user-service>
		</sec:authentication-provider>
	</sec:authentication-manager>
	
	<!-- LDAP connectivity configuration -->
	<!-- sec:authentication-manager alias="authenticationManager">
		<sec:authentication-provider ref="ldapAuthProvider"/>
	</sec:authentication-manager>
	
	<bean id="contextSource" class="org.springframework.security.ldap.DefaultSpringSecurityContextSource">
		<constructor-arg value="ldap://localhost:389/dc=maxcrc,dc=com"/>
		<property name="userDn" value="cn=manager,dc=maxcrc,dc=com"/>
		<property name="password" value="secret"/>
	</bean>
 
	<bean id="CustomLdapUserDetailsMapper" class="org.cloudifysource.securityldap.CustomLdapUserDetailsMapper" >
		<property name="roleAttributes">
			<list>
				<value>cloudifyRole</value>
			</list>
		</property>
	</bean>
	
	<bean id="userSearch" class="org.springframework.security.ldap.search.FilterBasedLdapUserSearch">
		<constructor-arg index="0" value=""/>
		<constructor-arg index="1" value="(uid={0})"/>
		<constructor-arg index="2" ref="contextSource" />
	</bean>
	
	<bean id="ldapAuthProvider" class="org.cloudifysource.securityldap.CustomLdapAuthenticationProvider">
		<constructor-arg>
			<bean class="org.springframework.security.ldap.authentication.BindAuthenticator">
				<constructor-arg ref="contextSource"/>
				<property name="userSearch" ref="userSearch">
				</property>
			</bean>
		</constructor-arg>
		<constructor-arg>
			<bean class="org.cloudifysource.securityldap.CustomLdapAuthoritiesPopulator">
			<constructor-arg name="roleAttributes">
				<list>
					<value>cloudifyRole</value>
				</list>
			</constructor-arg>
			</bean>
		</constructor-arg>
		<constructor-arg>
			<bean class="org.cloudifysource.securityldap.CustomLdapAuthGroupsPopulator">
				<constructor-arg ref="contextSource"/>
				<constructor-arg value="ou=groups"/>
			</bean>
		</constructor-arg>
		<property name="UserDetailsContextMapper" ref="CustomLdapUserDetailsMapper"/>
	</bean-->
	
	<beans profile="secure">
		<bean id="permissionEvaluator" class="org.cloudifysource.security.CustomPermissionEvaluator" />
		<bean id="expressionHandler" class="org.cloudifysource.security.ExtendedMethodSecurityExpressionHandler">
			<property name="permissionEvaluator" ref="permissionEvaluator" />
		</bean>
	</beans>
	
	<beans profile="nonsecure,default">
		<bean id="permissionEvaluator" class="org.cloudifysource.security.CustomApproveAllPermissionEvaluator" />
		<bean id="expressionHandler" class="org.cloudifysource.security.ExtendedMethodSecurityExpressionHandler">
			<property name="permissionEvaluator" ref="permissionEvaluator" />
		</bean>
	</beans>

</beans>