<?xml version="1.0" encoding="UTF-8"?>
<metadata modelVersion="1.1.0">
  <groupId>it.prisma.utility</groupId>
  <artifactId>utility</artifactId>
  <version>0.0.7-SNAPSHOT</version>
  <versioning>
    <snapshot>
      <localCopy>true</localCopy>
    </snapshot>
    <lastUpdated>20141024145539</lastUpdated>
    <snapshotVersions>
      <snapshotVersion>
        <extension>jar</extension>
        <value>0.0.7-SNAPSHOT</value>
        <updated>20141024145539</updated>
      </snapshotVersion>
      <snapshotVersion>
        <extension>pom</extension>
        <value>0.0.7-SNAPSHOT</value>
        <updated>20141024145539</updated>
      </snapshotVersion>
    </snapshotVersions>
  </versioning>
</metadata>
