<?xml version="1.0" encoding="UTF-8"?>
<metadata modelVersion="1.1.0">
  <groupId>it.prisma.domain</groupId>
  <artifactId>domain</artifactId>
  <version>0.0.4-SNAPSHOT</version>
  <versioning>
    <snapshot>
      <timestamp>20140915.092727</timestamp>
      <buildNumber>4</buildNumber>
    </snapshot>
    <lastUpdated>20140915092727</lastUpdated>
    <snapshotVersions>
      <snapshotVersion>
        <extension>jar</extension>
        <value>0.0.4-20140915.092727-4</value>
        <updated>20140915092727</updated>
      </snapshotVersion>
      <snapshotVersion>
        <extension>pom</extension>
        <value>0.0.4-20140915.092727-4</value>
        <updated>20140915092727</updated>
      </snapshotVersion>
    </snapshotVersions>
  </versioning>
</metadata>
