<beans xmlns="http://www.springframework.org/schema/beans"
	xmlns:xsi="http://www.w3.org/2001/XMLSchema-instance"
	xsi:schemaLocation="
		http://www.springframework.org/schema/beans http://www.springframework.org/schema/beans/spring-beans-3.2.xsd">
	<import resource="classpath:cloudify-webui-context.xml" />
	<bean id="activeFeatures" class="com.gigaspaces.admin.webui.shared.beans.ActiveFeaturesImpl">
        	<property name="recipesRepository" value="true"/>
        	<property name="uninstallApplications" value="true"/>
        	<property name="userNameMandatory" value="#{ systemProperties['com.gigaspaces.webui.username.mandatory'] == null ? 'false' : systemProperties['com.gigaspaces.webui.username.mandatory']}"/>
	</bean>


    <bean id="repositoryDefinitionBean" class="org.cloudifysource.repository.definitions.GitRepositoryDefinition">
        <property name="uri" value="https://github.com/CloudifySource/cloudify-recipes.git"/>
	<property name="rootFolder" value="${JSHOMEDIR}/work/cloudify_recipes_clone"/>
        <property name="existingMethod" value="USE_IF_VALID"/>
        <!-- property name="branch" value="" /-->
    </bean>

</beans>
