{
	"cron_header": {
		"da": "Cron resultat side",
		"es": "P\u00e1gina de resultado del cron",
		"no": "Cron resultatside",
		"de": "Cron Ergebnisseite",
		"sl": "Stran z rezultati cron opravil",
		"pt": "P\u00e1gina de resultados do sistema cron",
		"sv": "Resultat sida f\u00f6r cron",
		"hr": "Cron rezultati",
		"fr": "Page de r\u00e9sultats de cron",
		"it": "Pagina di risultato per cron",
		"lt": "Cron rezultat\u0173 puslapis",
		"ja": "Cron\u5b9f\u884c\u7d50\u679c\u30da\u30fc\u30b8",
		"zh-tw": "\u6392\u7a0b\u7d50\u679c\u9801\u9762",
		"nn": "Cron resultatside",
		"nl": "Cron resultaat pagina",
		"et": "Croni tulemuste lehek\u00fclg",
		"he": "\u05d3\u05e3 \u05ea\u05d5\u05e6\u05d0\u05d5\u05ea cron",
		"ru": "\u0421\u0442\u0440\u0430\u043d\u0438\u0446\u0430 \u0440\u0435\u0437\u0443\u043b\u044c\u0442\u0430\u0442\u0430 Cron",
		"zh": "Cron\u7ed3\u679c\u9875\u9762",
		"hu": "Cron fut\u00e1si eredm\u00e9nyek",
		"ar": "\u0635\u0641\u062d\u0629 \u0646\u062a\u064a\u062c\u0629 \u0643\u0631\u0648\u0646",
		"lv": "Cron rezult\u0101tu lapa",
		"id": "Halaman hasil Cron",
		"sr": "Cron rezultati",
		"ro": "Pagina cu rezultatele <i>cron<\/i>",
		"cs": "Str\u00e1nka v\u00fdsledk\u016f cronu"
	},
	"cron_result_title": {
		"da": "Her er resultatet for opgaven udf\u00f8relse:",
		"es": "Aqui est\u00e1n los resultados de las tareas en la ejecuci\u00f3n del cron:",
		"no": "Her er resultatene fra kj\u00f8ring av cron-jobben:",
		"de": "Hier sind die Ergebnisse f\u00fcr die Ausf\u00fchrung des cron-jobs:",
		"sl": "Rezultat cron opravila:",
		"pt": "Resultados da execu\u00e7\u00e3o do sistema cron:",
		"sv": "H\u00e4r \u00e4r k\u00f6rningsresultatet av cronjobbet:",
		"hr": "U nastavku su navedeni rezultati izvr\u0161avanja cron zadataka:",
		"fr": "Voici les r\u00e9sultats d'ex\u00e9cution des t\u00e2ches cron:",
		"it": "Questi sono i risultati dell'esecuzione del job di cron:",
		"lt": "\u0160tai cron funkcij\u0173 vykdymo rezultatas:",
		"ja": "cron\u30b8\u30e7\u30d6\u306e\u5b9f\u884c\u7d50\u679c:",
		"zh-tw": "\u9019\u662f\u6392\u7a0b\u5de5\u4f5c\u57f7\u884c\u7d50\u679c\uff1a",
		"nn": "Her er resultata fr\u00e5 k\u00f8yring av cron-jobben:",
		"nl": "Hier is het resultaat van de cron taak uitvoering:",
		"et": "Siin on croni t\u00f6\u00f6 t\u00e4itmise tulemus:",
		"he": "\u05d4\u05e0\u05d4 \u05d4\u05ea\u05d5\u05e6\u05d0\u05d4 \u05e9\u05dc \u05d4\u05e8\u05e6\u05ea \u05ea\u05d4\u05dc\u05d9\u05da \u05d4 cron:",
		"ru": "\u0420\u0435\u0437\u0443\u043b\u044c\u0442\u0430\u0442 \u0432\u044b\u043f\u043e\u043b\u043d\u0435\u043d\u0438\u044f \u0437\u0430\u0434\u0430\u043d\u0438\u0439 Cron:",
		"zh": "\u8fd9\u91cc\u662fcron\u4efb\u52a1\u5904\u7406\u7ed3\u679c",
		"hu": "A cron lefut\u00e1s\u00e1nak eredm\u00e9nyei:",
		"ar": "\u0646\u062a\u0627\u0626\u062c \u0628\u062d\u062b \u0643\u0631\u0648\u0646",
		"lv": "Te ir cron darba rezult\u0101ts:",
		"id": "Berikut ini adalah hasil dari eksekusi pekerjaan cron",
		"sr": "U nastavku su navedeni rezultati izvr\u0161avanja cron zadataka:",
		"ro": "Reezultatele execut\u0103rii sarcinilor din <i>cron<\/i>",
		"cs": "Zde je v\u00fdsledek \u00fakol\u016f spu\u0161t\u011bn\u00fdch z cronu:"
	},
	"cron_info": {
		"da": "Cron er en m\u00e5de at k\u00f8re tingene regelm\u00e6ssigt p\u00e5 UNIX-systemer.",
		"es": "Cron es una forma de ejecutar tareas periodicas en los sistemas UNIX.",
		"no": "Cron er en m\u00e5te \u00e5 kj\u00f8re regul\u00e6re jobber p\u00e5 unix-systemer.",
		"de": "Cron ist ein Weg, Dinge regelm\u00e4\u00dfig auf Unix-Systemen auszuf\u00fchren.",
		"sl": "Cron je orodje za periodi\u010dno izvajanje opravil. ",
		"pt": "O sistema cron serve para executar trabalhos regulares em sistemas unix.",
		"sv": "Cron \u00e4r ett s\u00e4tt att regelbundet k\u00f6ra olika saker p\u00e5 unixsystem.",
		"hr": "Cron je mehanizam za periodi\u010dko pokretanje procesa na Unix operacijskim sustavima.",
		"fr": "Cron est un utilitaire permettant d'ex\u00e9cuter r\u00e9guli\u00e8rement des t\u00e2ches sur un syst\u00e8me Unix.",
		"it": "Cron \u00e8 un sistema per eseguire attivit\u00e0 schedulate sui sistemi Unix.",
		"lt": "Cron tai priemon\u0117 reguliariai vykdyti u\u017eduotis unix sistemose.",
		"ja": "Cron\u306funix\u30b7\u30b9\u30c6\u30e0\u3067\u5b9a\u671f\u7684\u306b\u51e6\u7406\u3092\u5b9f\u884c\u3057\u307e\u3059\u3002",
		"zh-tw": "Cron \u5728 Unix \u7cfb\u7d71\u4e2d\uff0c\u53ef\u7528\u4f86\u57f7\u884c\u4f8b\u884c\u6027\u4efb\u52d9\u3002",
		"nn": "Cron er ein m\u00e5te \u00e5 k\u00f8yra regelmessige jobbar p\u00e5 unix-system.",
		"nl": "Cron is een manier om dingen normaal te laten draaien op unix systemen.",
		"et": "Cron v\u00f5imaldab Unix s\u00fcsteemides regulaarselt \u00fclesandeid t\u00e4ita.",
		"he": "cron \u05d4\u05d5\u05d0 \u05d4\u05d3\u05e8\u05da \u05dc\u05d4\u05e8\u05d9\u05e5 \u05e2\u05d1\u05d5\u05d3\u05d5\u05ea \u05d1\u05d6\u05de\u05e0\u05d9\u05dd \u05e7\u05d1\u05d5\u05e2\u05d9\u05dd \u05d1\u05de\u05e2\u05e8\u05db\u05d5\u05ea unix.",
		"ru": "Cron \u044d\u0442\u043e \u0441\u043f\u043e\u0441\u043e\u0431 \u0440\u0435\u0433\u0443\u043b\u044f\u0440\u043d\u043e \u0432\u044b\u043f\u043e\u043b\u043d\u044f\u0442\u044c \u0437\u0430\u0434\u0430\u043d\u0438\u044f \u043d\u0430 \u0441\u0438\u0441\u0442\u0435\u043c\u0430\u0445 UNIX.",
		"zh": "Cron\u662f\u4e00\u79cd\u5728UNIX\u7cfb\u7edf\u4e0a\u5b9a\u65f6\u8fd0\u884c\u4efb\u52a1\u7684\u5de5\u5177",
		"hu": "A cron egy m\u00f3dszer unix rendszereken parancsok rendszeres futtat\u00e1s\u00e1ra.",
		"ar": "  \u0643\u0631\u0648\u0646 \u0647\u0648 \u0648\u0633\u064a\u0644\u0629 \u062a\u0634\u063a\u064a\u0644 \u0645\u062a\u0643\u0631\u0631 \u0639\u0644\u064a \u064a\u0648\u0646\u064a\u0643\u0633",
		"lv": "Cron paredz\u0113ts regul\u0101ru darbu iestat\u012b\u0161anai unix sist\u0113m\u0101s.",
		"id": "Cron adalah cara untuk menjalankan sesuatu secara ",
		"sr": "Cron je mehanizam za periodi\u010dno pokretanje procesa na Unix operativnim sistemima.",
		"ro": "<i>Cron<\/i> este o modalitate folosit\u0103 pe sisteme UNIX pentru a executa diferite sarcini \u00een mod periodic.",
		"cs": "Cron je zp\u016fsob spou\u0161t\u011bn\u00ed pravideln\u00fdch \u00fakol\u016f na unixov\u00fdch syst\u00e9mech."
	},
	"cron_suggestion": {
		"da": "Her er et forslag til en crontab fil:",
		"es": "He aqu\u00ed una sugerencia de un archivo crontab:",
		"no": "Her er et forslag til en crontab fil:",
		"de": "Hier ist ein Vorschlag f\u00fcr eine crontab-Datei:",
		"sl": "Primer crontab datoteke:",
		"pt": "Sugest\u00e3o de ficheiro crontab:",
		"sv": "H\u00e4r ett f\u00f6rslag g\u00e4llande crontabfil:",
		"hr": "U nastavku je prijedlog sadr\u017eaja crontab datoteke:",
		"fr": "Voici un exemple de fichier crontab:",
		"it": "Questo \u00e8 un esempio di un file di crontab:",
		"lt": "\u0160tai pasi\u016blymas crontab failui:",
		"ja": "crontab\u30d5\u30a1\u30a4\u30eb\u306e\u63d0\u6848:",
		"zh-tw": "\u9019\u662f\u5efa\u8b70\u7684 crontab \u6a94\u6848\uff1a",
		"nn": "Her er eit d\u00f8me p\u00e5 crontab-fil:",
		"nl": "Hier is een suggestie voor een contrab bestand:",
		"et": "Siin on crontab faili soovitus:",
		"he": "\u05d4\u05e6\u05e2\u05d4 \u05dc\u05e7\u05d5\u05d1\u05e5 crontab:",
		"ru": "\u0423\u043a\u0430\u0437\u0430\u043d\u0438\u044f \u0434\u043b\u044f \u0444\u0430\u0439\u043b\u0430 crontab:",
		"zh": "\u4ee5\u4e0b\u662f\u4e00\u4e9b\u5173\u4e8ecrontab\u6587\u4ef6\u7684\u5efa\u8bae",
		"hu": "Javaslat crontab file-ra.",
		"ar": "\u0627\u0642\u062a\u0631\u0627\u062d \u0644\u0645\u0644\u0641 \u0643\u0631\u0648\u0646\u062a\u0627\u0628",
		"lv": "Ieteikums crontab failam:",
		"id": "Berikut adalah saran untuk file crontab:",
		"sr": "U nastavku je predlog sadr\u017eaja crontab fajla:",
		"ro": "Sugestie pentru un fi\u0219ier <i>crontab<\/i>:",
		"cs": "Zde je n\u00e1vrh pro soubor crontab:"
	},
	"cron_execution": {
		"da": "Klik her for at k\u00f8re cron job:",
		"es": "Haga clic aqu\u00ed para ejecutar las tareas de cron:",
		"no": "Klikk her for \u00e5 kj\u00f8re cron-jobbene:",
		"de": "Klicken Sie hier um die cron-jobs auszuf\u00fchren:",
		"sl": "S klikom za\u017eeni cron opravila:",
		"pt": "Carregue aqui para executar os cron jobs:",
		"sv": "Klicka h\u00e4r f\u00f6r att k\u00f6ra cronjobb:",
		"hr": "Kliknite ovdje da biste pokrenuli izvr\u0161avanje cron zadataka:",
		"fr": "Cliquez ici pour ex\u00e9cuter les t\u00e2ches cron:",
		"it": "Cliccare qui per eseguire i job di cron:",
		"lt": "Spragtelkite \u010dia prad\u0117ti cron funkcij\u0173 vykdym\u0105:",
		"ja": "\u30af\u30ea\u30c3\u30af\u3057\u3066cron\u30b8\u30e7\u30d6\u3092\u5b9f\u884c:",
		"zh-tw": "\u9ede\u6b64\u57f7\u884c\u6392\u7a0b\u4efb\u52d9\uff1a",
		"nn": "Klikk her for \u00e5 k\u00f8yra cron-jobb:",
		"nl": "Klik hier om de cron taken te starten:",
		"et": "Kl\u00f5psa siia croni t\u00f6\u00f6 k\u00e4ivitamiseks:",
		"he": "\u05dc\u05d7\u05e5 \u05db\u05d0\u05df \u05db\u05d3\u05d9 \u05dc\u05d4\u05e8\u05d9\u05e5 \u05d0\u05ea \u05e2\u05d1\u05d5\u05d3\u05d5\u05ea \u05d4 cron",
		"ru": "\u041d\u0430\u0436\u043c\u0438\u0442\u0435, \u0447\u0442\u043e\u0431\u044b \u0432\u044b\u043f\u043e\u043b\u043d\u0438\u0442\u044c \u0437\u0430\u0434\u0430\u043d\u0438\u044f Cron:",
		"zh": "\u70b9\u51fb\u8fd9\u91cc\u8fd0\u884ccron\u4efb\u52a1",
		"hu": "Kattintson a cron futtat\u00e1s\u00e1hoz.",
		"ar": " \u0627\u0636\u063a\u0637 \u0644\u064a\u0628\u062f\u0623 \u0643\u0631\u0648\u0646 \u0628\u0627\u0644\u0639\u0645\u0644",
		"lv": "Klik\u0161\u0137iniet te, lai palaistu cron darbus:",
		"id": "Klik disini untuk menjalankan pekerjaan cron:",
		"sr": "Kliknite ovde da biste pokrenuli izvr\u0161avanje cron zadataka:",
		"ro": "Ap\u0103sa\u021bi aici pentru a executa sarcinile din <i>cron\/<i>:",
		"cs": "Klikn\u011bte zde pro spu\u0161t\u011bn\u00ed \u00fakol\u016f z cronu:"
	},
	"run_text": {
		"da": "Run cron:",
		"es": "Ejecutar cron:",
		"no": "Kj\u00f8r cron:",
		"de": "F\u00fchre cron aus:",
		"sl": "Za\u017eeni cron:",
		"pt": "Executar o cron:",
		"sv": "K\u00f6r cron:",
		"hr": "Pokreni cron:",
		"fr": "Ex\u00e9cuter cron:",
		"it": "Esegui cron:",
		"lt": "Vykdyti cron:",
		"ja": "cron\u3092\u5b9f\u884c",
		"zh-tw": "\u57f7\u884c\u6392\u7a0b\uff1a",
		"nn": "K\u00f8yr cron:",
		"nl": "Start cron",
		"et": "K\u00e4ivita croni t\u00f6\u00f6:",
		"he": "\u05d4\u05e8\u05e5 cron:",
		"ru": "\u0417\u0430\u043f\u0443\u0441\u0442\u0438\u0442\u044c Cron",
		"zh": "\u8fd0\u884ccron",
		"hu": "Cron fut\u00e1s:",
		"ar": "\u0623\u0628\u062f\u0627 ",
		"lv": "Palaist cron:",
		"id": "Jalankan cron:",
		"sr": "Pokreni cron:",
		"ro": "Executa\u021bi <i>cron\/<i>:",
		"cs": "Spusit cron:"
	},
	"ran_text": {
		"da": "Cron l\u00f8b p\u00e5",
		"es": "Cron ejecutado el",
		"no": "Cron kj\u00f8rte",
		"de": "Cron ausgef\u00fchrt um",
		"sl": "Cron je bil zagnan ob:",
		"pt": "Cron executado em",
		"sv": "Cron k\u00f6rde",
		"hr": "Cron je pokrenut u",
		"fr": "Cron s'est ex\u00e9cut\u00e9 \u00e0",
		"it": "Cron \u00e8 stato eseguito alle",
		"lt": "Cron vydytas",
		"ja": "Cron\u3092\u5b9f\u884c\u3057\u305f\u6642\u523b",
		"zh-tw": "\u6392\u7a0b\u4efb\u52d9\u57f7\u884c\u65bc",
		"nn": "Cron k\u00f8yrde p\u00e5 tidspunkt ",
		"nl": "Cron gestart op",
		"et": "Cron t\u00f6\u00f6tas",
		"he": "cron \u05e8\u05e5 \u05d1",
		"ru": "Cron \u0437\u0430\u043f\u0443\u0449\u0435\u043d \u0432 ",
		"zh": "cron\u8fd0\u884c\u4e8e",
		"hu": "A cron ekkor futott le:",
		"ar": "\u0643\u0631\u0648\u0646 \u0639\u0645\u0644 \u0639\u0644\u064a",
		"lv": "Cron darbojies",
		"id": "Cron berjalan pada",
		"sr": "Cron je pokrenut u",
		"ro": "<i>Cron<\/i> a fost executat la",
		"cs": "Cron prob\u011bhl v"
	},
	"cron_report_title": {
		"da": "Cron rapport",
		"es": "Informe del cron",
		"no": "Cron rapport",
		"de": "Cron-Bericht",
		"sl": "Cron poro\u010dilo",
		"pt": "Relat\u00f3rio cron",
		"sv": "Cronrapport",
		"hr": "Cron izvje\u0161taj",
		"fr": "Rapport de cron",
		"it": "Rapporto di cron",
		"lt": "Cron ataskaita",
		"ja": "Cron\u30ec\u30dd\u30fc\u30c8",
		"zh-tw": "\u6392\u7a0b\u5831\u544a",
		"nn": "Cron-rapport",
		"nl": "Cron melding",
		"et": "Croni raport",
		"he": "\u05d3\u05d5\u05d7 cron",
		"ru": "\u041e\u0442\u0447\u0451\u0442 Cron",
		"zh": "cron\u62a5\u544a",
		"hu": "Cron jelent\u00e9s.",
		"ar": "\u062a\u0642\u0631\u064a\u0631 \u0643\u0631\u0648\u0646",
		"lv": "Cron atskaite",
		"id": "Laporan cron",
		"sr": "Cron izve\u0161taj",
		"ro": "Raport <i>cron<\/i>",
		"cs": "Hl\u00e1\u0161en\u00ed cronu"
	}
}
