<?xml version="1.0" encoding="UTF-8"?>
<metadata modelVersion="1.1.0">
  <groupId>it.prisma.utility</groupId>
  <artifactId>utility</artifactId>
  <version>0.0.5-SNAPSHOT</version>
  <versioning>
    <snapshot>
      <timestamp>20141007.154939</timestamp>
      <buildNumber>9</buildNumber>
    </snapshot>
    <lastUpdated>20141007154939</lastUpdated>
    <snapshotVersions>
      <snapshotVersion>
        <extension>jar</extension>
        <value>0.0.5-20141007.154939-9</value>
        <updated>20141007154939</updated>
      </snapshotVersion>
      <snapshotVersion>
        <extension>pom</extension>
        <value>0.0.5-20141007.154939-9</value>
        <updated>20141007154939</updated>
      </snapshotVersion>
    </snapshotVersions>
  </versioning>
</metadata>
