{
	"pid": {
		"no": "Prosess ID",
		"de": "Prozess-ID",
		"sl": "ID procesa",
		"pt": "ID do processo",
		"sv": "Processid",
		"hr": "Identifikator procesa",
		"da": "Proces ID",
		"fr": "Identifiant de processus (PID)",
		"it": "ID del Processo",
		"es": "Id de Proceso",
		"nl": "Proces-ID",
		"ja": "pid",
		"lt": "Proceso ID",
		"zh-tw": "\u7a0b\u5e8f ID",
		"nn": "Prosess-ID",
		"et": "Protsessi ID",
		"he": "\u05de\u05d6\u05d4\u05d4 \u05ea\u05d4\u05dc\u05d9\u05da",
		"zh": "Process ID",
		"ar": "\u0645\u0639\u0631\u0641 \u0627\u0644\u0639\u0645\u0644\u064a\u0629",
		"lv": "Procesa ID",
		"id": "Process ID",
		"sr": "Identifikator procesa",
		"ro": "ID proces",
		"ru": "ID \u043f\u0440\u043e\u0446\u0435\u0441\u0441\u0430",
		"cs": "ID procesu"
	},
	"uptime": {
		"no": "Oppetid",
		"de": "Verf\u00fcgbarkeit",
		"sl": "Neprekinjeno delovanje",
		"pt": "Tempo de funcionamento",
		"sv": "Upptid",
		"hr": "Ukupno vrijeme rada",
		"da": "Oppetid",
		"fr": "Temps de fonctionnement",
		"it": "Uptime",
		"es": "Tiempo transcurrido",
		"nl": "Uptime",
		"ja": "\u8d77\u52d5\u6642\u9593",
		"lt": "Veikimo laikas",
		"zh-tw": "\u5df2\u904b\u4f5c\u6642\u9593",
		"nn": "Oppetid",
		"et": "Uptime",
		"he": "\u05d6\u05de\u05df \u05dc\u05de\u05e2\u05dc\u05d4",
		"zh": "\u6b63\u5e38\u8fd0\u884c\u65f6\u95f4",
		"ar": "\u0627\u0644\u0627\u0633\u062a\u0639\u062f\u0627\u062f ",
		"lv": "Darb\u012bbas laiks",
		"id": "Uptime",
		"sr": "Ukupno vreme rada",
		"ro": "Timp de func\u021bionare",
		"ru": "\u0412\u0440\u0435\u043c\u044f \u0431\u0435\u0437\u043e\u0442\u043a\u0430\u0437\u043d\u043e\u0439 \u0440\u0430\u0431\u043e\u0442\u044b",
		"cs": "Uptime"
	},
	"time": {
		"no": "Tid n\u00e5",
		"de": "Jetziger Zeitpunkt",
		"sl": "To\u010den \u010das",
		"pt": "Tempo actual",
		"sv": "Aktuell tid",
		"hr": "Trenutno vrijeme",
		"da": "Aktuel tid",
		"fr": "Date courante",
		"it": "Ora corrente",
		"es": "Tiempo actual",
		"nl": "Huidige tijd",
		"ja": "\u73fe\u5728\u6642\u523b",
		"lt": "Laikas",
		"zh-tw": "\u76ee\u524d\u6642\u9593",
		"nn": "Tid no",
		"et": "Aeg praegu",
		"he": "\u05d6\u05de\u05df \u05e0\u05d5\u05db\u05d7\u05d9",
		"zh": "\u5f53\u524d\u65f6\u95f4",
		"ar": "\u0627\u0644\u0648\u0642\u062a \u062d\u0627\u0644\u064a\u0627\u064b",
		"lv": "Pa\u0161reiz\u0113jais laiks",
		"id": "Waktu saat ini",
		"sr": "Trenutno vreme",
		"ro": "Ora curent\u0103",
		"ru": "\u0422\u0435\u043a\u0443\u0449\u0435\u0435 \u0432\u0440\u0435\u043c\u044f",
		"cs": "Aktu\u00e1ln\u00ed \u010das"
	},
	"version": {
		"no": "Versjon",
		"de": "Version",
		"sl": "Razli\u010dica",
		"pt": "Vers\u00e3o",
		"sv": "Version",
		"hr": "Verzija",
		"da": "Version",
		"fr": "Version",
		"it": "Versione",
		"es": "Versi\u00f3n",
		"nl": "Versie",
		"ja": "\u30d0\u30fc\u30b8\u30e7\u30f3",
		"lt": "Versija",
		"zh-tw": "\u7248\u672c",
		"nn": "Versjon",
		"et": "Versioon",
		"he": "\u05d2\u05d9\u05e8\u05e1\u05d4",
		"zh": "\u7248\u672c",
		"ar": "\u0627\u0644\u0627\u0635\u062f\u0627\u0631",
		"lv": "Versija",
		"id": "Versi",
		"sr": "Verzija",
		"ro": "Versiune",
		"ru": "\u0412\u0435\u0440\u0441\u0438\u044f",
		"cs": "Verze"
	},
	"rusage_user": {
		"no": "CPU Sekunder (bruker)",
		"de": "CPU-Sekunden (Benutzer",
		"sl": "CPE sekunde (uporabnik)",
		"pt": "Segundos de CPU (Utilizador)",
		"sv": "CPU-sekunder (User)",
		"hr": "CPU sekundi (korisnik)",
		"da": "CPU sekunder (Bruger)",
		"fr": "Temps de calcul (mode utilisateur)",
		"it": "Secondi di CPU (User)",
		"es": "Segundos de CPU (Usuario)",
		"nl": "CPU-Seconden (Gebruiker)",
		"ja": "CPU\u6642\u9593(User)",
		"lt": "CPU sekund\u0117s (vartotojas)",
		"zh-tw": "CPU \u4f7f\u7528\u91cf(\u4f7f\u7528\u8005)",
		"nn": "CPU-sekund (brukar)",
		"et": "CPU sekundid (kasutaja)",
		"he": "\u05e9\u05e0\u05d9\u05d5\u05ea \u05de\u05e2\u05d1\u05d3 (\u05de\u05e9\u05ea\u05de\u05e9)",
		"zh": "CPU \u79d2\u6570\uff08\u7528\u6237\uff09",
		"ar": "\u0639\u062f\u062f \u062b\u0648\u0627\u0646\u064a \u0627\u0644 CPU (\u0632\u0645\u0646 \u0627\u0644\u0645\u0633\u062a\u062e\u062f\u0645)",
		"lv": "CPU sekundes (lietot\u0101ja)",
		"id": "CPU Detik (User)",
		"sr": "CPU sekundi (korisnik)",
		"ro": "Secunde CPU (utilizator)",
		"ru": "\u041f\u0440\u043e\u0446\u0435\u0441\u0441\u043e\u0440\u043d\u043e\u0435 \u0432\u0440\u0435\u043c\u044f \u0432 \u0441\u0435\u043a\u0443\u043d\u0434\u0430\u0445 (\u043f\u043e\u043b\u044c\u0437\u043e\u0432\u0430\u0442\u0435\u043b\u044f)",
		"cs": "CPU sekundy (u\u017eivatel)"
	},
	"rusage_system": {
		"no": "CPU Sekunder (system)",
		"de": "CPU-Sekunden (System)",
		"sl": "CPE sekunde (sistem)",
		"pt": "Segundos de CPU (Sistema)",
		"sv": "CPU-sekunder (System)",
		"hr": "CPU sekundi (sustav)",
		"da": "CPU sekunder (System)",
		"fr": "Temps de calcul (mode syst\u00e8me)",
		"it": "Secondi di CPU (System)",
		"es": "Segundos de CPU (Sistema)",
		"nl": "CPU-Seconden (Systeem)",
		"ja": "CPU\u6642\u9593(System)",
		"lt": "CPU sekund\u0117s (sistema)",
		"zh-tw": "CPU \u4f7f\u7528\u91cf(\u7cfb\u7d71)",
		"nn": "CPU-sekund (system)",
		"et": "CPU sekundid (s\u00fcsteem)",
		"he": "\u05e9\u05e0\u05d9\u05d5\u05ea \u05de\u05e2\u05d1\u05d3 (\u05de\u05e2\u05e8\u05db\u05ea)",
		"zh": "CPU \u79d2\u6570\uff08\u7cfb\u7edf\uff09",
		"ar": "\u0639\u062f\u062f \u062b\u0648\u0627\u0646\u064a \u0627\u0644 CPU (\u0632\u0645\u0646 \u0627\u0644\u0646\u0638\u0627\u0645)",
		"lv": "CPU sekundes (sist\u0113mas)",
		"id": "CPU Detik (Sistem)",
		"sr": "CPU sekundi (sistem)",
		"ro": "Secunde CPU (sistem)",
		"ru": "\u041f\u0440\u043e\u0446\u0435\u0441\u0441\u043e\u0440\u043d\u043e\u0435 \u0432\u0440\u0435\u043c\u044f \u0432 \u0441\u0435\u043a\u0443\u043d\u0434\u0430\u0445 (\u0441\u0438\u0441\u0442\u0435\u043c\u044b)",
		"cs": "CPU sekundy (system)"
	},
	"curr_items": {
		"no": "N\u00e5v\u00e6rende antall elementer",
		"de": "Derzeitige Anzahl von Elementen",
		"sl": "Trenutno \u0161tevilo elementov",
		"pt": "N\u00famero de \u00edtems actual",
		"sv": "Aktuell antal",
		"hr": "Trenutni broj elemenata",
		"da": "Aktuelt antal enheder",
		"fr": "\u00c9l\u00e9ments utilis\u00e9s actuellement",
		"it": "Attuale numero di elementi",
		"es": "N\u00famero actual de \u00edtems",
		"nl": "Huidig aantal items",
		"ja": "\u73fe\u5728\u30a2\u30a4\u30c6\u30e0\u6570",
		"lt": "\u0160iuo metu element\u0173 skai\u010dius",
		"zh-tw": "\u76ee\u524d\u9805\u76ee\u7684\u6578\u91cf",
		"nn": "Tal p\u00e5 element no",
		"et": "Elementide arv praegu",
		"he": "\u05de\u05e1\u05e4\u05e8 \u05d4\u05e4\u05e8\u05d9\u05d8\u05d9\u05dd \u05d4\u05e0\u05d5\u05db\u05d7\u05d9",
		"zh": "\u5f53\u524d\u7684\u6761\u76ee\u6570\u91cf",
		"ar": "\u0639\u062f\u062f \u0627\u0644\u0628\u0646\u0648\u062f \u0627\u0644\u062d\u0627\u0644\u064a\u0629",
		"lv": "Vien\u012bbu skaits pa\u0161laik",
		"id": "Jumlah item saat ini",
		"sr": "Trenutni broj elemenata",
		"ro": "Num\u0103rul curent de elemente",
		"ru": "\u0422\u0435\u043a\u0443\u0449\u0435\u0435 \u043a\u043e\u043b\u0438\u0447\u0435\u0441\u0442\u0432\u043e \u044d\u043b\u0435\u043c\u0435\u043d\u0442\u043e\u0432",
		"cs": "Aktu\u00e1ln\u00ed mno\u017estv\u00ed polo\u017eek"
	},
	"total_items": {
		"no": "Antall elementer for alltid",
		"de": "Elemente zu allen Zeiten insgesamt",
		"sl": "Vseh elementov skupaj",
		"pt": "Total de \u00edtems",
		"sv": "Totalt antal anv\u00e4nda poster",
		"hr": "Ukupno elemenata od po\u010detka",
		"da": "Total antal enheder",
		"fr": "Total d'\u00e9l\u00e9ments depuis le d\u00e9marrage",
		"it": "Numero totale di elementi",
		"es": "N\u00famero total de \u00edtems",
		"nl": "Totaal aantal items ooit",
		"ja": "\u7d2f\u8a08\u30a2\u30a4\u30c6\u30e0\u6570",
		"lt": "Viso element\u0173",
		"zh-tw": "\u6240\u6709\u9805\u76ee",
		"nn": "Tal p\u00e5 element (totalt)",
		"et": "Elementide arv kokku",
		"he": "\u05de\u05e1\u05e4\u05e8 \u05db\u05dc \u05d4\u05e4\u05e8\u05d9\u05d8\u05d9\u05dd",
		"zh": "\u4ee5\u5f80\u6761\u76ee",
		"ar": "\u0627\u0644\u0639\u062f\u062f \u0627\u0644\u0643\u0644\u064a \u0644\u0644\u0628\u0646\u0648\u062f",
		"lv": "Kop\u0113jais vien\u012bbu skaits",
		"id": "Total item yang pernah dicapai",
		"sr": "Ukupno elemenata od po\u010detka",
		"ro": "Num\u0103r total de elemente",
		"ru": "\u041e\u0431\u0449\u0435\u0435 \u043a\u043e\u043b\u0438\u0447\u0435\u0441\u0442\u0432\u043e \u044d\u043b\u0435\u043c\u0435\u043d\u0442\u043e\u0432 \u0437\u0430 \u0432\u0441\u0435 \u0432\u0440\u0435\u043c\u044f",
		"cs": "Celkov\u00fd sou\u010det polo\u017eek"
	},
	"bytes": {
		"no": "Totalt antall bytes i bruk n\u00e5",
		"de": "Insgesamt derzeit verwendete Bytes",
		"sl": "Skupno v uporabi bajtov",
		"pt": "Total de bytes actuais",
		"sv": "Totalt antal anv\u00e4nda byte f\u00f6rn\u00e4rvarande",
		"hr": "Trenutno ukupno kori\u0161teno bajtova",
		"da": "Total antal bytes brugt aktuelt",
		"fr": "Octets utilis\u00e9s actuellement",
		"it": "Byte attualmente utilizzati",
		"es": "Cantidad total de bytes en uso actualmente",
		"nl": "Aantal bytes nu in gebruik",
		"ja": "\u4f7f\u7528\u30e1\u30e2\u30ea",
		"lt": "Viso \u0161iuo metu naudojama bait\u0173",
		"zh-tw": "\u76ee\u524d\u4f7f\u7528\u7684\u7e3d\u4f4d\u5143\u7d44",
		"nn": "Bytes (totalt) i bruk no",
		"et": "Kokku baite praegu kasutusel",
		"he": "\u05e1\u05da \u05db\u05dc \u05d4\u05d1\u05d8\u05d9\u05dd \u05e9\u05db\u05e8\u05d2\u05e2 \u05d1\u05e9\u05d9\u05de\u05d5\u05e9",
		"zh": "\u76ee\u524d\u4f7f\u7528\u7684\u5b57\u8282\u6570",
		"ar": "\u064b\u0639\u062f\u062f \u0627\u0644\u0628\u0627\u064a\u062a \u0627\u0644\u0645\u0633\u062a\u062e\u062f\u0645\u0629 \u062d\u0627\u0644\u064a\u0627",
		"lv": "Izmantotie baiti pa\u0161laik",
		"id": "Total byte yang sekarang digunakan",
		"sr": "Trenutno ukupno bajtova u upotrebi",
		"ro": "Num\u0103r de octe\u021bi utiliza\u021bi acum",
		"ru": "\u0421\u0435\u0439\u0447\u0430\u0441 \u0438\u0441\u043f\u043e\u043b\u044c\u0437\u0443\u0435\u0442\u0441\u044f \u0432\u0441\u0435\u0433\u043e \u0431\u0430\u0439\u0442",
		"cs": "Vyu\u017e\u00edv\u00e1no celkem bajt\u016f"
	},
	"curr_connections": {
		"no": "Antall \u00e5pne forbindelser n\u00e5",
		"de": "Derzeitige offene Verbindungen",
		"sl": "Trenutno odprtih povezav",
		"pt": "Liga\u00e7\u00f5es abertas actuais",
		"sv": "Aktiva och \u00f6ppna f\u00f6rbindelser",
		"hr": "Trenutno otvorene konekcije",
		"da": "Nuv\u00e6rende \u00e5bne forbindelser",
		"fr": "Connexions ouvertes",
		"it": "Numero di connessioni aperte",
		"es": "Conexiones abiertas actualmente",
		"nl": "Aantal open connecties",
		"ja": "\u73fe\u5728\u306e\u30b3\u30cd\u30af\u30b7\u30e7\u30f3\u6570",
		"lt": "\u0160iuo metu atidaryt\u0173 sujungim\u0173",
		"zh-tw": "\u76ee\u524d\u958b\u555f\u7684\u9023\u7dda\u6578",
		"nn": "Opne tilkoplingar no",
		"et": "Hetkel avatud \u00fchendusi",
		"he": "\u05d7\u05d9\u05d1\u05d5\u05e8\u05d9\u05dd \u05e9\u05e2\u05db\u05e9\u05d9\u05d5 \u05e4\u05ea\u05d5\u05d7\u05d9\u05dd",
		"zh": "\u5f53\u524d\u6253\u5f00\u7684\u8fde\u63a5",
		"ar": "\u0627\u0644\u0627\u062a\u0635\u0627\u0644\u0627\u062a \u0627\u0644\u0645\u0641\u062a\u0648\u062d\u0629 \u062d\u0627\u0644\u064a\u0627\u064b",
		"lv": "Savienojumi \u0161obr\u012bd",
		"id": "Koneksi yang sekarang sedang terbuka",
		"sr": "Trenutno otvorene konekcije",
		"ro": "Conexiuni deschise acum",
		"ru": "\u0422\u0435\u043a\u0443\u0449\u0438\u0435 \u043e\u0442\u043a\u0440\u044b\u0442\u044b\u0435 \u0441\u043e\u0435\u0434\u0438\u043d\u0435\u043d\u0438\u044f",
		"cs": "Aktu\u00e1ln\u011b otev\u0159en\u00e9 konexe"
	},
	"total_connections": {
		"no": "Totalt antall forbindelser",
		"de": "Verbindungen insgesamt",
		"sl": "Skupno \u0161tevilo povezav",
		"pt": "Total de liga\u00e7\u00f5es",
		"sv": "Totalt antal f\u00f6rbindelser",
		"hr": "Ukupno konekcija",
		"da": "Total antal forbindelser",
		"fr": "Connexions totales",
		"it": "Connessioni totali",
		"es": "Total de conexiones",
		"nl": "Totaal connecties",
		"ja": "\u7d2f\u8a08\u30b3\u30cd\u30af\u30b7\u30e7\u30f3\u6570",
		"lt": "Viso sujungim\u0173",
		"zh-tw": "\u7e3d\u9023\u7dda\u6578",
		"nn": "Opne tilkoplingar (totalt)",
		"et": "\u00dchendusi kokku",
		"he": "\u05e1\u05da-\u05db\u05dc \u05d4\u05d7\u05d9\u05d1\u05d5\u05e8\u05d9\u05dd",
		"zh": "\u5168\u90e8\u8fde\u63a5",
		"ar": "\u0627\u0644\u0639\u062f\u062f \u0627\u0644\u0643\u0644\u064a \u0644\u0644\u0627\u062a\u0635\u0627\u0644\u0627\u062a",
		"lv": "Savienojumi kop\u0101",
		"id": "Total koneksi",
		"sr": "Ukupno konekcija",
		"ro": "Num\u0103r total de conexiuni",
		"ru": "\u0412\u0441\u0435\u0433\u043e \u0441\u043e\u0435\u0434\u0438\u043d\u0435\u043d\u0438\u0439",
		"cs": "Celkem konex\u00ed"
	},
	"connection_structures": {
		"no": "Tilkoblings-strukturer",
		"de": "Verbindungsstrukturen",
		"sl": "Struktura povezav",
		"pt": "Estruturas de liga\u00e7\u00f5es",
		"sv": "F\u00f6rbindelsestrukturer",
		"hr": "Struktura konekcija",
		"da": "Forbindelses strukturer",
		"fr": "Structures de connexion",
		"it": "Strutture di connessione",
		"es": "Estructuras de conexi\u00f3n",
		"nl": "Connectiestructuren",
		"ja": "\u30b3\u30cd\u30af\u30b7\u30e7\u30f3\u69cb\u9020\u4f53\u6570",
		"lt": "Sujungim\u0173 strukt\u016bra",
		"zh-tw": "\u9023\u7dda\u7d50\u69cb",
		"nn": "Tilkoplingsstrukturar",
		"et": "\u00dchenduste struktuurid",
		"he": "\u05de\u05d1\u05e0\u05d9 \u05d7\u05d9\u05d1\u05d5\u05e8\u05d9\u05dd",
		"zh": "\u8fde\u63a5\u7ed3\u6784",
		"ar": "\u0627\u0644\u0634\u0643\u0644 \u0627\u0644\u062a\u0631\u0643\u064a\u0628\u064a \u0644\u0644\u0627\u062a\u0635\u0627\u0644\u0627\u062a",
		"lv": "Savienojumu strukt\u016bras",
		"id": "Struktur koneksi",
		"sr": "Struktura konekcija",
		"ro": "Structuri de conectare",
		"ru": "\u0421\u0442\u0440\u0443\u043a\u0442\u0443\u0440\u044b \u0441\u043e\u0435\u0434\u0438\u043d\u0435\u043d\u0438\u0439",
		"cs": "Struktury konex\u00ed"
	},
	"cmd_get": {
		"no": "Totalt antall GET kommandoer",
		"de": "GET Befehle insgesamt",
		"sl": "Skupno \u0161tevilo zahtevkov GET ",
		"pt": "Total de comandos GET",
		"sv": "Totalt antal GET-kommandon",
		"hr": "Ukupno GET naredbi",
		"da": "Total antal GET kommandoer",
		"fr": "Commandes GET",
		"it": "Totale dei comandi GET",
		"es": "Total de comandos GET",
		"nl": "Aantal GET-commando's",
		"ja": "GET\u30b3\u30de\u30f3\u30c9\u5b9f\u884c\u56de\u6570",
		"lt": "Viso GET u\u017eklaus\u0173",
		"zh-tw": "GET \u6307\u4ee4\u7e3d\u6578",
		"nn": "Talet p\u00e5 GET-kommandoar (totalt)",
		"et": "GET-k\u00e4ske kokku",
		"he": "\u05e1\u05d4\"\u05db \u05e4\u05e7\u05d5\u05d3\u05d5\u05ea GET",
		"zh": "\u5168\u90e8\u7684GET\u6307\u4ee4",
		"ar": "\u0639\u062f\u062f \u0623\u0648\u0627\u0645\u0631 GET \u0627\u0644\u0643\u0644\u064a",
		"lv": "GET komandas kop\u0101",
		"id": "Total perintah GET",
		"sr": "Ukupno GET naredbi",
		"ro": "Num\u0103r total de comenzi GET",
		"ru": "\u0412\u0441\u0435\u0433\u043e \u043a\u043e\u043c\u0430\u043d\u0434 GET",
		"cs": "Celkov\u00fd po\u010det GET p\u0159\u00edkaz\u016f"
	},
	"cmd_set": {
		"no": "Totalt antall SET kommandoer",
		"de": "SET Befehle insgesamt",
		"sl": "Skupno \u0161tevilo zahtevkov SET ",
		"pt": "Total de comandos SET",
		"sv": "Totalt antal SET-kommandon",
		"hr": "Ukupno SET naredbi",
		"da": "Total antal SET kommandoer",
		"fr": "Commandes SET",
		"it": "Totale dei comandi SET",
		"es": "Total de comandos SET",
		"nl": "Aantal SET-commando's",
		"ja": "SET\u30b3\u30de\u30f3\u30c9\u5b9f\u884c\u56de\u6570",
		"lt": "Viso SET u\u017eklaus\u0173",
		"zh-tw": "SET \u6307\u4ee4\u7e3d\u6578",
		"nn": "Talet p\u00e5 SET-kommandoar (totalt)",
		"et": "SET-k\u00e4ske kokku",
		"he": "\u05e1\u05d4\"\u05db \u05e4\u05e7\u05d5\u05d3\u05d5\u05ea SET",
		"zh": "\u5168\u90e8\u7684SET\u6307\u4ee4",
		"ar": "\u0639\u062f\u062f \u0623\u0648\u0627\u0645\u0631 SET \u0627\u0644\u0643\u0644\u064a",
		"lv": "SET komandas kop\u0101",
		"id": "Total perintah SET",
		"sr": "Ukupno SET naredbi",
		"ro": "Num\u0103r total de comenzi SET",
		"ru": "\u0412\u0441\u0435\u0433\u043e \u043a\u043e\u043c\u0430\u043d\u0434 SET",
		"cs": "Celkov\u00fd po\u010det SET p\u0159\u00edkaz\u016f"
	},
	"get_hits": {
		"no": "Totalt antall GET kommandoer (OK)",
		"de": "GET Befehle insgesamt (erfolgreich)",
		"sl": "Skupno \u0161tevilo uspe\u0161nih zahtevkov GET ",
		"pt": "Total de comandos GET (sucesso)",
		"sv": "Totalt antal lyckade GET-kommandon",
		"hr": "Ukupno GET naredbi (uspje\u0161no izvr\u0161enih)",
		"da": "Total antal GET kommandoer (success)",
		"fr": "Commandes GET valides",
		"it": "Totale dei comandi GET (con successo)",
		"es": "Total de comandos GET (exitosos)",
		"nl": "Aantal GET-commando's (succes)",
		"ja": "GET\u30b3\u30de\u30f3\u30c9\u6210\u529f\u56de\u6570",
		"lt": "Viso GET u\u017eklaus\u0173 (s\u0117kming\u0173)",
		"zh-tw": "GET \u6307\u4ee4\u7e3d\u6578(\u6210\u529f)",
		"nn": "Talet p\u00e5 GET-kommandoar (suksess)",
		"et": "\u00d5nnestunud GET-k\u00e4ske kokku",
		"he": "\u05e1\u05d4\"\u05db \u05e4\u05e7\u05d5\u05d3\u05d5\u05ea GET \u05de\u05d5\u05e6\u05dc\u05d7\u05d5\u05ea",
		"zh": "\u5168\u90e8\u7684GET\u6307\u4ee4\uff08\u6210\u529f\u7684\uff09",
		"ar": "\u0627\u0644\u0639\u062f\u062f \u0627\u0644\u0643\u0644\u064a \u0644\u0623\u0648\u0627\u0645\u0631 GET \u0627\u0644\u0646\u0627\u062c\u062d\u0629",
		"lv": "Veiksm\u012bg\u0101s GET komandas kop\u0101",
		"id": "Total perintah GET (berhasil)",
		"sr": "Ukupno GET naredbi (uspe\u0161no izvr\u0161enih)",
		"ro": "Num\u0103r total de comenzi GET (efectuate cu succes)",
		"ru": "\u0412\u0441\u0435\u0433\u043e \u043a\u043e\u043c\u0430\u043d\u0434 GET (\u0443\u0441\u043f\u0435\u0448\u043d\u044b\u0445)",
		"cs": "Celkov\u00fd po\u010det GET p\u0159\u00edkaz\u016f (\u00fasp\u011b\u0161n\u00fdch)"
	},
	"get_misses": {
		"no": "Totalt antall GET kommandoer (feilet)",
		"de": "GET Befehle insgesamt (fehlgeschlagen)",
		"sl": "Skupno \u0161tevilo neuspe\u0161nih zahtevkov GET ",
		"pt": "Total de comandos GET (falhados)",
		"sv": "Totalt antal misslyckade GET-kommandon",
		"hr": "Ukupno GET naredbi (neuspje\u0161nih)",
		"da": "Total antal GET kommandoer (fejl)",
		"fr": "Commandes GET invalides",
		"it": "Totale dei comandi GET (falliti)",
		"es": "Total de comandos GET (fallidos)",
		"nl": "Aantal GET-commando's (mislukt)",
		"ja": "GET\u30b3\u30de\u30f3\u30c9\u5931\u6557\u56de\u6570",
		"lt": "Viso GET u\u017eklaus\u0173 (nes\u0117kming\u0173)",
		"zh-tw": "GET \u6307\u4ee4\u7e3d\u6578(\u6210\u529f)",
		"nn": "Talet p\u00e5 GET-kommandoar (feil)",
		"et": "Eba\u00f5nnestunud GET-k\u00e4ske kokku",
		"he": "\u05e1\u05d4\"\u05db \u05e4\u05e7\u05d5\u05d3\u05d5\u05ea GET \u05e9\u05e0\u05db\u05e9\u05dc\u05d5",
		"zh": "\u5168\u90e8\u7684GET\u6307\u4ee4\uff08\u5931\u8d25\u7684\uff09",
		"ar": "\u0627\u0644\u0639\u062f\u062f \u0627\u0644\u0643\u0644\u064a \u0644\u0623\u0648\u0627\u0645\u0631 GET \u0627\u0644\u0641\u0627\u0634\u0644\u0629",
		"lv": "Neveiksm\u012bg\u0101s GET komandas kop\u0101",
		"id": "Total perintah GET (gagal)",
		"sr": "Ukupno GET naredbi (neuspe\u0161nih)",
		"ro": "Num\u0103r total de comenzi GET (e\u0219uate)",
		"ru": "\u0412\u0441\u0435\u0433\u043e \u043a\u043e\u043c\u0430\u043d\u0434 GET (\u0441 \u043e\u0448\u0438\u0431\u043a\u043e\u0439)",
		"cs": "Celkov\u00fd po\u010det GET p\u0159\u00edkaz\u016f (ne\u00fasp\u011b\u0161n\u00fdch)"
	},
	"bytes_read": {
		"no": "Antall bytes inn til tjeneren",
		"de": "Am Server eingetroffene Bytes",
		"sl": "Prene\u0161enih bajtov v smeri stre\u017enika",
		"pt": "Bytes de entrada no servidor",
		"sv": "Mottagna bytes till servern",
		"hr": "Bajtova poslanih poslu\u017eitelju",
		"da": "Bytes in i serveren",
		"fr": "Octets sur le serveur",
		"it": "Byte nel server",
		"es": "Bytes en el servidor",
		"nl": "Bytes richting de server",
		"ja": "\u53d7\u4fe1\u30c7\u30fc\u30bf\u91cf",
		"lt": "Nuskaityta bait\u0173 \u012f server\u012f",
		"zh-tw": "\u50b3\u9001\u81f3\u4e3b\u6a5f\u7e3d\u4f4d\u5143\u7d44",
		"nn": "Bytes inn til tenaren",
		"et": "Baite serverisse",
		"he": "\u05d1\u05d8\u05d9\u05dd \u05e9\u05e0\u05d9\u05db\u05e0\u05e1\u05d5 \u05dc\u05e9\u05e8\u05ea",
		"zh": "\u8fdb\u5165\u670d\u52a1\u5668\u7684\u5b57\u8282",
		"ar": "\u0639\u062f\u062f \u0627\u0644\u0628\u0627\u064a\u062a\u0633 \u0627\u0644\u062f\u0627\u062e\u0644\u0629 \u0644\u0644\u0645\u0634\u063a\u0644",
		"lv": "Servera las\u012btie baiti",
		"id": "Jumlah Byte yang masuk ke server",
		"sr": "Bajtova poslanih serveru",
		"ro": "Octe\u021bi \u00eenspre server",
		"ru": "\u0411\u0430\u0439\u0442 \u043d\u0430 \u0441\u0435\u0440\u0432\u0435\u0440",
		"cs": "P\u0159\u00edchoz\u00edch bajt\u016f na server"
	},
	"bytes_written": {
		"no": "Antall bytes skrevet av tjeneren",
		"de": "Zum Server geschriebene Bytes",
		"sl": "Bajtov zapisanih na stre\u017eniku",
		"pt": "Bytes de sa\u00edda no servidor",
		"sv": "Skirva bytes av servern",
		"hr": "Bajtova zapisanih od strane poslu\u017eitelja",
		"da": "Bytes skrevet af serveren",
		"fr": "Octets \u00e9crits par le serveur",
		"it": "Byte scritti dal server",
		"es": "Bytes escritos por el servidor",
		"nl": "Bytes geschreven door server",
		"ja": "\u9001\u4fe1\u30c7\u30fc\u30bf\u91cf",
		"lt": "\u012era\u0161yta bait\u0173 \u012f server\u012f",
		"zh-tw": "\u5beb\u5165\u81f3\u4e3b\u6a5f\u7e3d\u4f4d\u5143\u7d44",
		"nn": "Bytes skrivne p\u00e5 tenaren",
		"et": "Serveri poolt kirjutatud baite",
		"he": "\u05d1\u05d8\u05d9\u05dd \u05e9\u05e0\u05db\u05ea\u05d1\u05d5 \u05e2\"\u05d9 \u05d4\u05e9\u05e8\u05ea",
		"zh": "\u670d\u52a1\u5668\u5199\u5165\u7684\u5b57\u8282",
		"ar": "\u0639\u062f\u062f \u0627\u0644\u0628\u0627\u064a\u062a\u0633 \u0627\u0644\u0645\u0643\u062a\u0648\u0628\u0629 \u0628\u0648\u0627\u0633\u0637\u0629 \u0627\u0644\u0645\u0634\u063a\u0644",
		"lv": "Servera rakst\u012btie baiti",
		"id": "Jumlah Byte yang ditulis oleh server",
		"sr": "Bajtova zapisanih od strane servera",
		"ro": "Octe\u021bi scri\u0219i de server",
		"ru": "\u0411\u0430\u0439\u0442 \u0437\u0430\u043f\u0438\u0441\u0430\u043d\u043e \u0441\u0435\u0440\u0432\u0435\u0440\u043e\u043c",
		"cs": "Bajt\u016f zapsan\u00fdch serverem"
	},
	"limit_maxbytes": {
		"no": "Total lagring tilgjengelig",
		"de": "Insgesamt verf\u00fcgbarer Speicher",
		"sl": "Razpolo\u017eljiv prostor skupno:",
		"pt": "Total de espa\u00e7o dispon\u00edvel",
		"sv": "Totalt lagringsutrymme",
		"hr": "Ukupno raspolo\u017eivo memorijskog prostora",
		"da": "Total plads udnyttet",
		"fr": "Espace de stockage disponible",
		"it": "Totale dello spazio disponibile",
		"es": "Almacenamiento total aprovechado",
		"nl": "Totaal opslag vrij",
		"ja": "\u6700\u5927\u5bb9\u91cf",
		"lt": "Viso atminties",
		"zh-tw": "\u5132\u5b58\u7a7a\u9593\u7e3d\u5229\u7528\u6578",
		"nn": "Totalt lager tilgjengeleg",
		"et": "Saadaval ketast kokku",
		"he": "\u05e1\u05da \u05d4\u05db\u05dc \u05d0\u05d7\u05e1\u05d5\u05df \u05d6\u05de\u05d9\u05df",
		"zh": "\u5168\u90e8\u7684\u5b58\u50a8\u5229\u7528",
		"ar": "\u0627\u0644\u0645\u0633\u0627\u062d\u0629 \u0627\u0644\u0643\u0644\u064a\u0629 \u0627\u0644\u0645\u062a\u0648\u0641\u0631\u0629 \u0644\u0644\u062a\u062e\u0632\u064a\u0646",
		"lv": "Pieejam\u0101 vieta kop\u0101",
		"id": "Total media penyimpanan yang tersedia",
		"sr": "Ukupno raspolo\u017eivo memorijskog prostora",
		"ro": "Spa\u021biu de stocare disponibil",
		"ru": "\u041e\u0431\u0449\u0438\u0439 \u0434\u043e\u0441\u0442\u0443\u043f\u043d\u044b\u0439 \u043e\u0431\u044a\u0435\u043c \u0441\u0438\u0441\u0442\u0435\u043c\u044b \u0445\u0440\u0430\u043d\u0435\u043d\u0438\u044f \u0434\u0430\u043d\u043d\u044b\u0445",
		"cs": "Celkov\u00e9 dostupn\u00e9 \u00falo\u017ei\u0161t\u011b"
	}
}
