<process initial-instances="script" shutdown-class="com.gigaspaces.grid.gsa.GigaSpacesShutdownProcessHandler" restart-on-exit="always">
    <script enable="true" work-dir="${com.gs.home}/bin"
            windows="${com.gs.home}/bin/gs.bat" unix="${com.gs.home}/bin/gs.sh">
        <argument>start</argument>
        <argument>"ESM"</argument>
    </script>
    <vm enable="true" work-dir="${com.gs.home}/bin" main-class="com.gigaspaces.start.SystemBoot">
        <input-argument></input-argument>
        <argument>com.gigaspaces.start.services="ESM"</argument>
    </vm>
    <restart-regex>.*(java\.lang\.OutOfMemoryError|org\.openspaces\.grid\.gsm\.sla\.exceptions\.CannotDiscoverEsmException|org\.openspaces\.grid\.esm\.InternalKeepAliveEventDelayed|org\.openspaces\.grid\.gsm\.sla\.exceptions\.DisconnectedFromLookupServiceException).*</restart-regex>
</process>
