<process initial-instances="script" shutdown-class="com.gigaspaces.grid.gsa.GigaSpacesShutdownProcessHandler" restart-on-exit="always">
    <script enable="true" work-dir="${com.gs.home}/bin"
            windows="${com.gs.home}/bin/gs.bat" unix="${com.gs.home}/bin/gs.sh">
        <argument>start</argument>
        <argument>"LH,GSM"</argument>
    </script>
    <vm enable="true" work-dir="${com.gs.home}/bin" main-class="com.gigaspaces.start.SystemBoot">
        <input-argument></input-argument>
        <argument>com.gigaspaces.start.services="LH,GSM"</argument>
    </vm>
    <restart-regex>(?!.*GSC reported).*java\.lang\.OutOfMemoryError.*</restart-regex>
</process>
