<?xml version="1.0" encoding="UTF-8"?>
<metadata modelVersion="1.1.0">
  <groupId>it.prisma.domain</groupId>
  <artifactId>domain</artifactId>
  <version>0.0.7-SNAPSHOT</version>
  <versioning>
    <snapshot>
      <localCopy>true</localCopy>
    </snapshot>
    <lastUpdated>20141024145514</lastUpdated>
    <snapshotVersions>
      <snapshotVersion>
        <extension>jar</extension>
        <value>0.0.7-SNAPSHOT</value>
        <updated>20141024145514</updated>
      </snapshotVersion>
      <snapshotVersion>
        <extension>pom</extension>
        <value>0.0.7-SNAPSHOT</value>
        <updated>20141024145514</updated>
      </snapshotVersion>
    </snapshotVersions>
  </versioning>
</metadata>
