{
	"access_denied": {
		"en": "You do not have access to this service",
		"sl": "Dostop do storitve zavrnjen."
	},
	"no_access_to": {
		"en": "Your account %NETID% has expired, access denied!",
		"sl": "Dostop zavrnjen, ker je va\u0161e uporabni\u0161ko (NetID) %NETID% ime poteklo!"
	},
	"contact_home": {
		"en": "Access to services is controlled by your home organization. Please contact your local IT support for questions.",
		"sl": "Mo\u017enost dostopa do storitve ureja va\u0161a doma\u010da organizacija. Obrnite se na njihov oddelek za pomo\u010d uporabnikom."
	},
	"expiry_date_text": {
		"en": "Expiration date:",
		"sl": "Datum poteka:"
	},
	"warning_header": {
		"en": "Warning, your account %NETID% will expire in %DAYSLEFT% %DAYS%!",
		"sl": "Pozor! Va\u0161e uporabni\u0161ko ime (NetID) %NETID% bo poteklo \u010dez %DAYSLEFT% %DAYS%!"
	},
	"warning_header_today": {
		"en": "Warning, your account %NETID% will expire today!",
		"sl": "Pozor! Va\u0161e uporabni\u0161ko ime (NetID) %NETID% pote\u010de danes!"
	},
	"warning": {
		"en": "Warning, your account %NETID% will expire in %DAYSLEFT% %DAYS%!",
		"sl": "Pozor! Va\u0161e uporabni\u0161ko ime (NetID) %NETID% bo poteklo \u010dez %DAYSLEFT% %DAYS%!"
	},
	"warning_today": {
		"en": "Warning, your account %NETID% will expire today!",
		"sl": "Pozor! Va\u0161e uporabni\u0161ko ime (NetID) %NETID% pote\u010de danes!"
	},
	"day": {
		"en": "day",
		"sl": "dan"
	},
	"days": {
		"en": "days",
		"sl": "dni"
	},
	"btn_continue": {
		"en": "I am aware of this, continue..." ,
		"sl": "Zavedam se tega, nadaljuj..."
	}
}
